FeedbackID,CustomerID,StoreID,FeedbackDate,Rating,Comment,ResponseDate
1,67,23,03-04-2021,3,Fast delivery,02-07-2023
2,123,13,21-03-2023,5,Fast delivery,16-02-2022
3,440,28,24-11-2023,1,Great service!,22-03-2020
4,709,42,19-07-2022,2,Great service!,17-09-2021
5,906,23,03-08-2023,4,Poor customer support,20-06-2021
6,60,9,12-01-2021,2,Product was damaged,01-11-2021
7,717,29,29-07-2020,4,Poor customer support,30-10-2023
8,986,49,10-05-2021,2,Great service!,24-11-2022
9,722,46,06-07-2021,5,Poor customer support,04-02-2022
10,601,5,12-05-2020,2,Product was damaged,06-08-2022
11,900,12,02-06-2023,5,Product was damaged,14-07-2021
12,791,2,28-03-2023,1,Fast delivery,03-11-2021
13,820,8,11-08-2022,4,Product was damaged,18-09-2021
14,67,33,05-10-2021,2,Great service!,14-01-2024
15,806,15,19-01-2020,3,Excellent quality,07-12-2020
16,318,21,29-12-2020,4,Fast delivery,22-05-2020
17,40,3,15-01-2021,5,Great service!,15-11-2023
18,331,17,20-04-2020,5,Great service!,06-09-2022
19,432,25,12-08-2020,3,Great service!,13-03-2022
20,666,33,03-09-2022,1,Great service!,04-09-2022
21,627,41,26-12-2023,2,Fast delivery,12-07-2022
22,201,12,04-10-2021,1,Product was damaged,04-09-2023
23,596,31,17-01-2023,4,Poor customer support,09-12-2022
24,712,38,10-09-2023,1,Poor customer support,06-03-2020
25,964,40,19-01-2022,2,Fast delivery,27-03-2023
26,846,49,21-01-2023,1,Excellent quality,14-06-2023
27,818,20,26-06-2020,2,Excellent quality,19-06-2020
28,263,33,26-02-2023,2,Great service!,07-08-2021
29,737,31,28-05-2022,3,Poor customer support,01-06-2020
30,597,35,11-09-2020,4,Poor customer support,03-04-2022
31,405,43,11-03-2022,3,Great service!,22-11-2022
32,98,41,23-09-2022,4,Fast delivery,02-10-2021
33,672,38,28-08-2022,1,Great service!,27-09-2023
34,698,14,15-08-2020,1,Fast delivery,10-02-2020
35,222,27,23-09-2022,2,Fast delivery,06-01-2024
36,374,22,05-03-2022,1,Poor customer support,17-07-2022
37,390,42,12-02-2023,5,Product was damaged,23-04-2022
38,301,14,13-03-2022,3,Fast delivery,31-12-2020
39,668,41,22-02-2023,1,Fast delivery,08-11-2021
40,399,16,27-03-2020,2,Fast delivery,09-09-2021
41,401,27,29-01-2020,2,Great service!,28-05-2020
42,187,11,21-11-2021,3,Poor customer support,06-09-2021
43,741,21,26-03-2020,4,Poor customer support,21-06-2021
44,423,1,31-01-2021,3,Great service!,08-11-2020
45,789,1,14-06-2021,2,Fast delivery,14-12-2023
46,491,7,11-01-2021,5,Great service!,09-08-2020
47,797,43,06-04-2020,3,Excellent quality,14-06-2021
48,282,29,11-11-2023,2,Excellent quality,08-02-2022
49,820,7,08-02-2021,4,Product was damaged,10-04-2023
50,838,44,18-06-2020,4,Excellent quality,01-03-2021
51,934,26,04-12-2020,3,Poor customer support,01-08-2023
52,988,12,05-06-2021,1,Great service!,07-02-2021
53,635,19,18-11-2023,1,Fast delivery,04-08-2022
54,430,48,10-12-2021,5,Poor customer support,07-01-2022
55,812,8,06-11-2023,4,Poor customer support,14-04-2021
56,736,45,20-04-2023,5,Great service!,16-10-2023
57,182,30,26-08-2020,3,Poor customer support,10-06-2023
58,80,44,28-06-2023,1,Great service!,09-05-2021
59,65,44,23-10-2020,5,Poor customer support,10-03-2023
60,6,24,23-10-2023,1,Poor customer support,21-12-2022
61,245,7,28-08-2020,3,Excellent quality,13-08-2022
62,646,14,13-12-2022,1,Excellent quality,17-12-2022
63,123,12,17-03-2022,3,Product was damaged,31-05-2021
64,332,19,06-02-2020,5,Fast delivery,08-12-2022
65,568,45,27-03-2021,4,Poor customer support,20-10-2022
66,288,38,28-06-2022,2,Product was damaged,22-01-2022
67,119,23,17-06-2022,3,Product was damaged,08-05-2020
68,595,15,26-02-2022,3,Fast delivery,12-09-2020
69,499,50,13-04-2020,4,Great service!,01-09-2020
70,655,38,07-05-2021,5,Fast delivery,15-05-2021
71,542,11,14-10-2020,2,Poor customer support,04-07-2022
72,903,44,09-11-2023,1,Fast delivery,05-02-2021
73,924,39,05-04-2022,3,Fast delivery,06-05-2022
74,513,24,11-12-2020,5,Product was damaged,27-03-2021
75,44,32,22-03-2023,1,Product was damaged,05-10-2020
76,314,34,04-02-2023,5,Great service!,01-04-2021
77,268,27,26-05-2020,3,Fast delivery,27-12-2023
78,834,27,01-01-2020,4,Poor customer support,19-09-2022
79,842,25,03-02-2021,3,Product was damaged,03-07-2022
80,546,46,01-10-2022,4,Poor customer support,14-04-2020
81,899,27,04-05-2023,2,Poor customer support,09-09-2021
82,280,15,25-09-2020,2,Great service!,16-12-2020
83,662,17,24-01-2023,1,Poor customer support,18-10-2021
84,904,35,19-09-2020,1,Product was damaged,20-05-2023
85,593,17,22-04-2020,2,Product was damaged,24-11-2020
86,876,46,06-05-2023,1,Excellent quality,12-04-2022
87,283,38,20-04-2020,1,Fast delivery,23-01-2021
88,326,45,05-01-2020,3,Great service!,25-07-2021
89,675,47,01-04-2023,5,Excellent quality,30-08-2021
90,800,27,28-05-2021,1,Poor customer support,11-01-2020
91,7,22,19-05-2020,3,Great service!,01-02-2020
92,89,36,19-04-2020,1,Poor customer support,18-06-2023
93,237,46,18-03-2022,2,Great service!,19-03-2023
94,777,23,07-02-2021,5,Fast delivery,24-12-2020
95,226,47,04-11-2020,2,Poor customer support,22-07-2020
96,672,18,17-04-2023,5,Excellent quality,01-10-2021
97,776,5,01-11-2021,1,Fast delivery,19-08-2023
98,697,47,30-10-2023,4,Poor customer support,08-06-2022
99,112,34,10-05-2021,3,Excellent quality,28-11-2023
100,332,29,14-12-2022,3,Great service!,05-07-2022
101,40,6,12-02-2022,2,Great service!,27-01-2022
102,813,25,16-06-2023,5,Product was damaged,14-08-2022
103,929,20,18-12-2021,3,Fast delivery,05-06-2020
104,183,2,29-09-2023,1,Product was damaged,13-03-2022
105,331,11,17-03-2020,3,Poor customer support,16-12-2022
106,949,11,04-01-2022,4,Product was damaged,31-03-2020
107,96,5,27-02-2021,1,Poor customer support,27-02-2023
108,264,50,24-04-2020,3,Poor customer support,04-07-2021
109,595,50,27-10-2022,2,Fast delivery,11-10-2023
110,174,34,22-12-2021,2,Excellent quality,21-01-2020
111,86,38,14-08-2022,2,Fast delivery,31-01-2023
112,824,15,15-12-2021,5,Excellent quality,16-04-2023
113,525,9,20-01-2023,4,Fast delivery,02-08-2021
114,197,38,03-10-2023,1,Fast delivery,14-05-2021
115,339,48,08-11-2021,3,Great service!,16-11-2020
116,536,39,02-10-2020,1,Great service!,13-04-2023
117,148,4,11-11-2020,2,Product was damaged,21-02-2023
118,300,48,25-05-2021,3,Product was damaged,30-10-2022
119,967,14,06-06-2023,3,Product was damaged,21-12-2020
120,609,18,07-04-2021,5,Poor customer support,25-04-2022
121,707,26,22-10-2022,2,Poor customer support,17-09-2022
122,334,3,03-04-2022,1,Product was damaged,23-09-2020
123,788,16,29-06-2021,2,Excellent quality,21-10-2020
124,951,13,26-03-2021,5,Excellent quality,11-05-2022
125,863,25,20-01-2023,5,Poor customer support,05-06-2022
126,84,38,18-04-2021,3,Excellent quality,17-05-2021
127,701,46,15-02-2023,1,Product was damaged,05-12-2023
128,651,28,30-06-2021,5,Great service!,16-02-2022
129,552,39,21-07-2022,4,Poor customer support,26-01-2021
130,607,29,30-11-2022,4,Product was damaged,15-08-2023
131,160,37,30-12-2023,3,Fast delivery,21-07-2021
132,848,19,24-11-2022,4,Poor customer support,27-10-2023
133,234,4,13-08-2021,2,Great service!,16-02-2021
134,464,41,11-02-2022,5,Product was damaged,25-06-2020
135,43,12,08-08-2021,5,Fast delivery,15-04-2020
136,443,46,03-07-2020,5,Great service!,27-04-2022
137,120,2,05-06-2023,5,Poor customer support,30-12-2022
138,3,9,08-09-2022,3,Fast delivery,04-02-2021
139,436,25,24-01-2021,4,Product was damaged,15-04-2021
140,453,34,13-08-2021,3,Great service!,17-04-2021
141,406,33,19-05-2023,1,Fast delivery,17-06-2022
142,604,24,30-01-2023,3,Product was damaged,15-03-2020
143,973,40,23-01-2023,4,Product was damaged,26-03-2022
144,964,8,23-02-2020,1,Great service!,09-02-2020
145,131,16,01-12-2020,3,Product was damaged,01-10-2022
146,64,18,30-06-2021,3,Product was damaged,15-01-2024
147,159,7,04-01-2023,2,Excellent quality,09-07-2021
148,941,46,02-09-2022,3,Product was damaged,13-11-2023
149,533,43,27-03-2022,2,Fast delivery,25-12-2020
150,282,17,18-05-2022,2,Excellent quality,14-11-2021
151,946,11,29-04-2022,4,Great service!,08-06-2022
152,153,4,09-01-2020,4,Fast delivery,21-06-2022
153,662,43,01-05-2022,2,Product was damaged,12-12-2020
154,66,31,12-11-2021,1,Fast delivery,20-04-2020
155,168,35,08-08-2021,4,Great service!,30-06-2023
156,374,5,14-08-2023,4,Great service!,18-01-2021
157,969,37,10-12-2021,2,Excellent quality,04-09-2023
158,324,41,05-04-2021,3,Fast delivery,03-11-2021
159,879,7,23-06-2021,2,Excellent quality,27-09-2021
160,470,29,17-10-2022,3,Great service!,30-06-2022
161,869,7,20-12-2023,3,Excellent quality,12-07-2020
162,280,49,01-08-2020,3,Fast delivery,04-04-2023
163,370,35,25-05-2021,3,Product was damaged,09-05-2021
164,478,12,07-10-2021,5,Excellent quality,27-06-2022
165,416,19,01-08-2022,2,Fast delivery,15-01-2021
166,960,41,05-08-2021,3,Fast delivery,24-04-2023
167,294,28,29-02-2020,5,Great service!,29-08-2023
168,844,13,27-05-2021,3,Fast delivery,15-06-2022
169,537,15,15-06-2021,2,Great service!,22-08-2023
170,254,13,05-07-2022,1,Fast delivery,28-09-2020
171,372,25,07-05-2023,1,Great service!,14-10-2022
172,778,5,04-12-2020,4,Great service!,21-10-2023
173,956,25,25-08-2022,2,Poor customer support,30-09-2022
174,200,10,01-09-2021,3,Great service!,11-03-2020
175,34,44,21-05-2020,3,Poor customer support,07-06-2020
176,109,25,17-12-2022,1,Great service!,13-11-2020
177,826,48,17-08-2021,2,Poor customer support,16-05-2022
178,260,12,24-01-2023,3,Poor customer support,14-05-2022
179,401,33,25-09-2021,5,Great service!,15-08-2022
180,74,1,15-02-2021,3,Poor customer support,09-07-2020
181,757,35,01-10-2020,4,Great service!,20-06-2022
182,933,17,10-01-2021,1,Poor customer support,11-02-2021
183,989,18,03-06-2020,5,Fast delivery,25-09-2022
184,146,9,03-09-2022,2,Fast delivery,27-02-2023
185,535,19,31-08-2023,2,Great service!,08-01-2021
186,900,27,27-08-2022,5,Excellent quality,23-08-2020
187,191,24,14-11-2022,1,Poor customer support,10-01-2021
188,683,7,11-10-2023,4,Fast delivery,25-12-2020
189,75,11,24-11-2022,4,Fast delivery,11-12-2022
190,894,35,07-06-2023,5,Product was damaged,08-07-2020
191,746,42,22-11-2021,1,Product was damaged,15-09-2020
192,145,44,19-08-2021,1,Great service!,22-07-2022
193,338,33,13-03-2022,3,Great service!,22-08-2021
194,763,40,04-09-2022,3,Poor customer support,13-12-2020
195,246,30,10-11-2020,1,Poor customer support,24-03-2022
196,801,16,29-08-2022,1,Poor customer support,11-10-2020
197,91,15,29-03-2022,1,Great service!,30-12-2021
198,439,33,05-06-2022,1,Product was damaged,29-01-2020
199,856,24,17-09-2023,3,Excellent quality,16-09-2020
200,256,44,28-02-2020,1,Poor customer support,02-10-2023
201,300,37,21-10-2021,4,Product was damaged,13-02-2020
202,357,46,13-07-2023,5,Poor customer support,12-03-2023
203,79,7,07-01-2022,3,Excellent quality,17-01-2023
204,753,4,05-12-2020,4,Product was damaged,14-07-2022
205,244,16,26-04-2021,3,Fast delivery,17-09-2022
206,288,25,01-10-2021,4,Product was damaged,20-12-2021
207,839,6,14-04-2021,5,Product was damaged,07-01-2022
208,98,49,04-05-2023,3,Great service!,31-07-2022
209,335,33,28-04-2020,2,Fast delivery,13-04-2022
210,283,14,08-03-2020,2,Product was damaged,07-05-2022
211,454,45,05-12-2023,4,Fast delivery,12-06-2020
212,774,17,17-03-2022,3,Great service!,02-01-2021
213,757,37,11-03-2022,2,Fast delivery,25-03-2023
214,971,43,10-06-2023,1,Product was damaged,07-12-2021
215,945,30,29-12-2023,4,Poor customer support,23-06-2022
216,290,5,28-11-2020,2,Excellent quality,10-11-2023
217,801,37,25-05-2022,3,Fast delivery,25-10-2020
218,364,23,22-01-2023,3,Fast delivery,25-01-2022
219,563,6,15-07-2022,1,Product was damaged,18-10-2022
220,921,3,24-02-2023,5,Excellent quality,28-05-2023
221,778,34,26-07-2020,2,Fast delivery,03-04-2020
222,219,38,16-09-2023,3,Product was damaged,14-07-2022
223,767,8,14-04-2023,1,Poor customer support,11-07-2020
224,174,27,24-12-2020,1,Poor customer support,13-06-2022
225,561,23,06-04-2020,5,Great service!,09-01-2024
226,56,49,23-10-2021,5,Excellent quality,28-01-2020
227,104,37,24-06-2022,3,Great service!,26-10-2022
228,80,40,08-06-2021,5,Product was damaged,21-03-2021
229,32,10,18-08-2022,1,Product was damaged,11-10-2023
230,832,31,03-07-2023,4,Great service!,19-11-2023
231,986,48,08-03-2020,2,Product was damaged,23-06-2022
232,305,27,28-07-2022,3,Great service!,29-08-2022
233,74,23,10-12-2020,4,Great service!,28-10-2022
234,382,3,08-04-2023,4,Poor customer support,28-10-2020
235,287,34,09-07-2022,4,Excellent quality,25-06-2021
236,254,26,30-05-2020,5,Poor customer support,20-09-2023
237,559,12,09-10-2020,5,Fast delivery,07-06-2022
238,648,20,16-02-2020,1,Excellent quality,22-12-2020
239,540,18,13-07-2023,3,Fast delivery,15-02-2020
240,303,22,05-05-2020,4,Fast delivery,27-01-2020
241,80,22,13-05-2021,2,Great service!,16-06-2023
242,374,33,13-07-2023,3,Poor customer support,12-07-2022
243,164,44,18-04-2022,4,Fast delivery,28-06-2022
244,313,28,15-09-2022,5,Poor customer support,24-09-2021
245,677,13,04-07-2020,4,Product was damaged,27-02-2023
246,355,19,22-05-2021,3,Fast delivery,08-08-2020
247,894,35,01-01-2023,3,Poor customer support,23-12-2023
248,254,27,28-02-2022,5,Fast delivery,25-06-2020
249,196,5,20-08-2021,2,Poor customer support,11-09-2022
250,551,2,01-02-2021,3,Poor customer support,29-03-2022
251,821,12,24-10-2020,5,Excellent quality,25-04-2023
252,790,14,29-07-2020,4,Great service!,28-05-2021
253,726,27,19-01-2022,5,Great service!,17-06-2021
254,509,17,06-12-2021,5,Product was damaged,22-09-2020
255,331,2,29-06-2023,1,Product was damaged,09-01-2022
256,412,20,18-06-2020,3,Excellent quality,13-05-2022
257,971,47,25-07-2020,4,Excellent quality,18-07-2021
258,812,31,07-03-2023,1,Poor customer support,02-07-2020
259,514,9,19-09-2023,1,Great service!,25-01-2023
260,299,25,08-01-2021,5,Great service!,02-04-2023
261,66,27,12-01-2022,4,Excellent quality,25-09-2022
262,461,37,18-06-2023,4,Great service!,04-07-2020
263,49,49,05-10-2021,2,Great service!,10-01-2023
264,717,16,30-09-2021,2,Poor customer support,24-10-2020
265,922,7,02-10-2020,3,Fast delivery,31-03-2022
266,563,24,31-01-2021,2,Poor customer support,15-12-2020
267,232,22,17-03-2023,2,Product was damaged,07-02-2020
268,545,4,14-11-2020,3,Product was damaged,21-07-2021
269,38,12,14-06-2020,4,Product was damaged,01-08-2023
270,725,24,21-03-2022,3,Excellent quality,31-05-2022
271,167,24,27-01-2020,5,Poor customer support,12-03-2021
272,465,29,01-02-2022,4,Great service!,07-08-2023
273,321,21,13-04-2022,3,Poor customer support,30-06-2020
274,450,40,27-01-2023,5,Poor customer support,11-01-2023
275,353,19,07-02-2023,4,Product was damaged,20-04-2023
276,540,30,05-07-2021,4,Poor customer support,01-09-2021
277,819,32,05-01-2021,1,Excellent quality,09-06-2023
278,91,33,21-06-2023,4,Fast delivery,27-03-2023
279,224,21,15-10-2020,5,Fast delivery,11-12-2020
280,577,32,11-04-2020,3,Excellent quality,17-11-2023
281,497,38,25-12-2022,2,Product was damaged,03-01-2024
282,505,19,02-05-2021,1,Poor customer support,31-05-2021
283,505,14,16-11-2020,3,Fast delivery,05-02-2020
284,568,12,19-11-2022,5,Product was damaged,08-06-2021
285,662,13,24-05-2020,4,Fast delivery,19-09-2020
286,734,5,06-12-2022,3,Product was damaged,01-08-2023
287,745,22,30-10-2022,2,Fast delivery,02-06-2020
288,779,45,10-03-2022,4,Fast delivery,29-04-2022
289,816,17,06-07-2020,2,Fast delivery,02-08-2021
290,527,37,11-03-2021,3,Fast delivery,27-04-2020
291,305,45,11-02-2023,4,Excellent quality,15-01-2023
292,87,43,26-04-2021,5,Poor customer support,13-12-2023
293,421,24,14-10-2021,5,Fast delivery,01-06-2020
294,656,11,04-12-2023,3,Product was damaged,13-01-2020
295,776,48,08-02-2020,5,Excellent quality,02-11-2020
296,499,15,25-02-2020,5,Product was damaged,10-05-2021
297,2,39,12-02-2021,1,Great service!,09-04-2022
298,229,48,21-09-2022,4,Fast delivery,04-05-2020
299,19,11,13-07-2021,4,Great service!,13-03-2020
300,487,28,30-12-2020,2,Great service!,15-12-2022
301,541,48,06-06-2022,2,Excellent quality,27-10-2021
302,829,33,21-03-2023,3,Poor customer support,19-05-2023
303,585,16,19-03-2021,1,Great service!,25-02-2023
304,724,37,07-05-2023,4,Fast delivery,29-02-2020
305,570,14,26-12-2023,4,Poor customer support,15-12-2021
306,141,46,25-04-2023,2,Fast delivery,24-05-2022
307,190,13,21-04-2021,1,Excellent quality,11-05-2023
308,941,41,04-05-2022,3,Product was damaged,22-04-2020
309,29,27,12-03-2023,4,Fast delivery,22-06-2022
310,385,43,14-08-2021,4,Poor customer support,19-09-2023
311,969,12,23-02-2020,2,Great service!,22-06-2020
312,151,1,29-07-2023,1,Poor customer support,27-11-2022
313,233,9,21-10-2020,3,Poor customer support,06-12-2020
314,760,18,20-04-2023,5,Great service!,16-03-2022
315,268,45,29-10-2023,3,Product was damaged,24-05-2020
316,800,15,20-07-2023,2,Product was damaged,17-02-2022
317,795,2,18-06-2020,1,Poor customer support,13-04-2022
318,201,29,08-05-2022,2,Product was damaged,31-08-2023
319,673,32,11-05-2023,2,Poor customer support,26-06-2023
320,99,49,16-07-2021,4,Fast delivery,02-03-2022
321,987,33,23-08-2021,3,Poor customer support,12-07-2020
322,520,38,07-11-2020,2,Excellent quality,04-01-2023
323,227,32,26-01-2023,4,Fast delivery,31-07-2020
324,55,9,11-10-2022,4,Fast delivery,30-09-2021
325,997,40,03-10-2020,4,Poor customer support,30-09-2023
326,80,27,17-08-2022,4,Great service!,11-03-2023
327,452,16,09-05-2022,4,Product was damaged,11-08-2023
328,819,1,04-07-2021,1,Poor customer support,16-11-2023
329,348,23,05-04-2020,2,Poor customer support,08-07-2020
330,345,20,07-03-2020,1,Excellent quality,29-06-2023
331,676,30,07-12-2021,3,Poor customer support,08-02-2020
332,750,6,27-02-2021,4,Poor customer support,27-04-2021
333,415,33,18-08-2020,3,Excellent quality,08-02-2023
334,659,44,03-11-2021,1,Product was damaged,10-11-2020
335,895,41,18-01-2021,3,Product was damaged,26-04-2021
336,287,44,18-08-2022,5,Fast delivery,28-11-2020
337,620,39,29-10-2020,5,Poor customer support,13-04-2020
338,144,3,11-06-2022,5,Fast delivery,09-10-2022
339,941,12,20-10-2023,4,Product was damaged,10-09-2020
340,367,41,27-06-2023,1,Poor customer support,16-12-2023
341,895,21,18-01-2022,5,Excellent quality,16-09-2022
342,447,31,11-04-2023,1,Excellent quality,14-11-2023
343,961,5,04-04-2023,2,Excellent quality,22-09-2023
344,503,21,04-01-2021,5,Excellent quality,13-05-2021
345,290,12,12-02-2022,1,Poor customer support,09-09-2023
346,143,42,01-06-2020,1,Excellent quality,21-08-2022
347,489,31,18-07-2023,4,Product was damaged,23-03-2022
348,224,35,16-09-2023,2,Fast delivery,06-05-2023
349,852,25,23-06-2023,5,Product was damaged,11-02-2021
350,824,4,22-09-2020,1,Poor customer support,24-04-2023
351,385,28,31-07-2023,1,Poor customer support,10-06-2022
352,871,31,23-05-2020,2,Poor customer support,13-01-2023
353,154,44,10-09-2022,5,Fast delivery,14-08-2021
354,65,39,09-04-2023,2,Great service!,25-03-2022
355,698,7,05-02-2023,5,Excellent quality,25-11-2023
356,395,48,31-03-2023,1,Poor customer support,27-01-2022
357,531,26,17-02-2023,4,Great service!,24-05-2020
358,567,25,04-11-2023,4,Great service!,08-07-2021
359,552,33,28-09-2023,3,Great service!,04-05-2021
360,79,27,23-02-2020,3,Great service!,18-10-2023
361,818,17,24-07-2022,3,Product was damaged,26-07-2021
362,567,9,13-05-2020,2,Excellent quality,17-11-2023
363,53,20,21-03-2022,4,Great service!,08-07-2020
364,640,21,22-08-2021,3,Product was damaged,05-08-2023
365,693,41,30-01-2021,3,Great service!,10-09-2020
366,161,40,28-03-2023,5,Excellent quality,27-12-2020
367,233,46,20-09-2021,3,Poor customer support,21-06-2022
368,165,9,08-05-2021,2,Excellent quality,19-01-2021
369,523,13,03-12-2020,4,Great service!,14-11-2022
370,774,4,30-12-2020,2,Poor customer support,24-06-2022
371,172,26,13-03-2022,2,Product was damaged,18-11-2021
372,587,24,16-05-2022,4,Product was damaged,16-02-2020
373,784,2,02-09-2021,3,Excellent quality,16-03-2020
374,719,31,05-01-2022,4,Great service!,20-07-2022
375,124,36,27-02-2022,3,Fast delivery,18-02-2022
376,462,2,05-07-2022,4,Poor customer support,24-01-2023
377,600,34,08-08-2022,2,Poor customer support,10-10-2021
378,963,42,09-03-2023,1,Poor customer support,06-09-2022
379,981,24,16-12-2022,3,Great service!,14-02-2021
380,927,7,29-04-2023,4,Fast delivery,17-01-2023
381,849,23,19-03-2021,2,Product was damaged,06-05-2023
382,712,47,21-12-2022,3,Fast delivery,23-06-2020
383,536,20,27-03-2023,3,Great service!,19-12-2023
384,708,46,23-02-2020,5,Poor customer support,06-09-2022
385,813,43,29-06-2021,1,Poor customer support,08-01-2023
386,599,37,15-04-2023,3,Great service!,16-03-2023
387,358,9,19-08-2022,4,Fast delivery,09-08-2022
388,258,33,09-02-2020,1,Fast delivery,11-03-2022
389,472,22,29-10-2022,2,Excellent quality,28-01-2020
390,559,35,08-11-2021,5,Great service!,09-02-2022
391,794,3,21-06-2023,1,Poor customer support,21-01-2023
392,339,36,10-04-2020,4,Fast delivery,18-10-2022
393,988,25,16-08-2023,2,Great service!,21-12-2022
394,327,16,02-11-2022,5,Excellent quality,23-04-2022
395,175,8,30-08-2023,2,Product was damaged,26-07-2021
396,592,18,20-12-2020,3,Fast delivery,21-06-2021
397,608,25,26-11-2020,4,Poor customer support,23-06-2020
398,643,38,16-07-2021,1,Excellent quality,12-05-2023
399,250,34,30-07-2022,3,Product was damaged,26-12-2020
400,310,21,25-03-2023,1,Great service!,25-01-2022
401,595,36,14-08-2021,4,Product was damaged,25-02-2023
402,574,17,02-03-2022,3,Great service!,24-09-2022
403,339,46,22-03-2020,1,Poor customer support,09-04-2023
404,87,9,22-06-2023,4,Great service!,11-11-2022
405,877,9,01-06-2021,3,Fast delivery,17-11-2023
406,942,27,30-03-2020,3,Fast delivery,23-08-2022
407,344,26,14-09-2022,2,Fast delivery,05-01-2024
408,73,18,11-01-2021,3,Fast delivery,22-06-2021
409,991,45,30-09-2021,3,Poor customer support,09-09-2023
410,434,47,30-01-2020,2,Fast delivery,19-04-2021
411,721,42,16-11-2020,3,Fast delivery,27-01-2022
412,397,17,02-07-2021,4,Excellent quality,21-11-2023
413,727,14,30-05-2023,2,Excellent quality,14-05-2023
414,30,17,02-12-2022,2,Fast delivery,08-07-2022
415,688,32,15-07-2023,3,Product was damaged,30-06-2020
416,987,19,30-04-2023,4,Fast delivery,14-03-2020
417,835,12,08-02-2020,1,Excellent quality,18-11-2022
418,666,36,03-06-2020,3,Product was damaged,19-09-2021
419,722,25,10-11-2020,2,Product was damaged,17-02-2023
420,688,19,26-02-2022,4,Great service!,12-05-2022
421,736,16,06-09-2020,5,Product was damaged,18-08-2023
422,529,31,04-06-2020,3,Excellent quality,20-08-2021
423,392,38,29-06-2020,5,Great service!,12-05-2020
424,990,23,27-12-2023,2,Product was damaged,26-03-2021
425,871,48,19-11-2023,3,Great service!,01-06-2022
426,915,20,05-04-2022,3,Fast delivery,03-01-2020
427,533,35,01-10-2022,2,Excellent quality,18-07-2020
428,438,35,07-06-2022,2,Fast delivery,24-07-2022
429,749,50,11-11-2020,4,Great service!,02-05-2023
430,178,36,24-08-2020,4,Great service!,30-07-2021
431,218,48,28-06-2020,1,Product was damaged,23-07-2020
432,184,25,24-09-2021,5,Fast delivery,14-06-2020
433,649,40,22-07-2022,1,Product was damaged,02-11-2022
434,656,27,02-09-2023,3,Fast delivery,09-09-2023
435,386,50,28-11-2022,3,Fast delivery,18-09-2021
436,185,6,07-06-2021,5,Product was damaged,17-10-2020
437,127,4,05-07-2021,2,Poor customer support,22-10-2021
438,502,20,11-07-2021,3,Excellent quality,30-03-2020
439,688,9,27-02-2021,5,Great service!,17-11-2020
440,983,1,07-12-2023,3,Poor customer support,08-03-2022
441,135,21,18-02-2020,1,Product was damaged,08-10-2021
442,324,39,04-02-2021,3,Product was damaged,09-01-2023
443,802,24,09-07-2022,5,Fast delivery,01-06-2023
444,89,3,28-02-2021,4,Great service!,14-04-2021
445,387,18,25-05-2020,1,Product was damaged,06-05-2021
446,868,20,03-01-2020,5,Fast delivery,18-03-2023
447,537,47,06-05-2020,3,Product was damaged,12-09-2020
448,389,43,11-04-2023,2,Poor customer support,19-06-2021
449,508,34,01-09-2021,2,Fast delivery,30-11-2023
450,965,46,13-04-2021,1,Great service!,08-01-2022
451,222,45,09-01-2022,3,Excellent quality,06-04-2020
452,11,50,19-09-2021,2,Great service!,30-01-2020
453,295,23,09-07-2022,2,Excellent quality,28-06-2020
454,323,31,12-11-2021,1,Fast delivery,22-05-2020
455,271,13,22-02-2022,2,Great service!,16-10-2023
456,987,27,23-06-2023,2,Fast delivery,21-08-2021
457,963,27,06-07-2021,5,Product was damaged,05-08-2020
458,892,42,29-06-2020,2,Product was damaged,01-04-2022
459,355,35,18-09-2023,5,Great service!,16-05-2023
460,319,41,28-12-2021,2,Fast delivery,01-05-2022
461,132,50,18-09-2022,1,Product was damaged,26-05-2021
462,596,22,07-06-2023,2,Excellent quality,23-04-2021
463,719,34,19-12-2021,4,Poor customer support,30-09-2020
464,965,30,16-10-2023,1,Poor customer support,05-08-2023
465,26,44,28-11-2022,2,Great service!,14-10-2022
466,834,9,24-09-2022,1,Great service!,15-04-2023
467,937,31,19-05-2020,3,Great service!,16-09-2021
468,9,17,09-05-2022,3,Product was damaged,06-04-2023
469,880,16,24-06-2023,4,Fast delivery,01-08-2022
470,822,36,06-04-2022,3,Great service!,17-07-2021
471,199,42,18-05-2021,1,Product was damaged,29-04-2022
472,642,38,30-01-2023,5,Product was damaged,23-02-2023
473,725,2,20-04-2021,3,Great service!,16-12-2021
474,506,32,13-08-2021,1,Fast delivery,22-08-2023
475,308,37,21-04-2021,5,Great service!,17-10-2022
476,198,35,01-08-2020,4,Poor customer support,29-08-2023
477,240,10,26-10-2020,1,Great service!,08-03-2021
478,146,5,04-08-2020,3,Poor customer support,04-09-2023
479,273,40,15-03-2021,2,Fast delivery,21-04-2023
480,112,44,23-05-2021,4,Fast delivery,29-01-2021
481,846,8,01-05-2021,3,Product was damaged,22-07-2020
482,604,49,28-03-2022,1,Fast delivery,13-11-2022
483,406,8,17-05-2023,2,Excellent quality,12-07-2022
484,656,40,18-06-2022,5,Fast delivery,24-05-2021
485,389,25,28-08-2020,2,Excellent quality,23-06-2021
486,366,22,14-06-2022,4,Great service!,15-06-2020
487,188,12,16-03-2021,3,Fast delivery,15-05-2023
488,963,17,26-03-2022,4,Fast delivery,20-10-2023
489,184,39,20-03-2020,1,Fast delivery,31-05-2023
490,975,36,27-08-2023,2,Excellent quality,19-12-2023
491,34,15,28-01-2021,4,Great service!,31-07-2022
492,452,30,27-11-2022,2,Poor customer support,09-03-2023
493,380,18,13-06-2023,5,Poor customer support,04-08-2022
494,682,27,05-06-2020,1,Product was damaged,30-01-2023
495,557,11,05-07-2021,2,Fast delivery,10-04-2023
496,30,37,12-12-2023,3,Product was damaged,13-04-2021
497,119,3,10-05-2021,2,Product was damaged,27-02-2022
498,593,31,10-07-2022,5,Great service!,28-10-2023
499,245,37,12-09-2022,2,Poor customer support,05-02-2020
500,836,25,28-11-2021,5,Product was damaged,23-09-2022
501,305,6,14-10-2023,3,Excellent quality,10-12-2023
502,238,35,17-07-2023,1,Great service!,13-01-2021
503,571,6,19-12-2020,2,Product was damaged,17-04-2021
504,772,15,15-08-2023,4,Poor customer support,04-01-2022
505,981,35,24-02-2023,4,Fast delivery,20-12-2021
506,167,12,14-11-2021,5,Excellent quality,03-06-2020
507,505,7,28-10-2020,1,Excellent quality,26-02-2021
508,976,43,07-07-2021,4,Product was damaged,21-03-2022
509,97,22,25-07-2022,4,Poor customer support,18-05-2021
510,484,42,15-04-2020,1,Fast delivery,25-12-2020
511,623,28,18-12-2020,4,Excellent quality,18-03-2020
512,837,12,12-01-2023,4,Fast delivery,24-06-2023
513,377,41,04-08-2021,5,Excellent quality,22-01-2022
514,878,17,12-03-2022,1,Fast delivery,20-10-2021
515,600,11,01-01-2023,1,Excellent quality,07-02-2021
516,401,45,03-01-2023,3,Great service!,11-10-2023
517,741,42,03-07-2022,1,Poor customer support,13-05-2023
518,537,17,11-08-2022,2,Excellent quality,25-03-2022
519,637,24,16-12-2023,1,Great service!,29-07-2020
520,755,16,27-03-2023,5,Fast delivery,29-03-2020
521,65,16,25-05-2022,1,Great service!,21-01-2020
522,649,49,27-01-2023,4,Excellent quality,07-04-2022
523,329,40,23-02-2023,5,Excellent quality,13-02-2022
524,94,22,14-07-2023,4,Product was damaged,03-08-2020
525,673,24,01-05-2021,4,Great service!,13-03-2020
526,753,43,18-03-2021,3,Excellent quality,24-06-2022
527,102,5,14-10-2023,1,Product was damaged,02-01-2022
528,552,29,15-01-2020,1,Fast delivery,02-02-2021
529,20,31,27-06-2020,4,Product was damaged,20-09-2021
530,602,26,22-04-2022,5,Product was damaged,05-05-2023
531,994,44,27-11-2022,3,Excellent quality,21-06-2020
532,755,14,29-01-2020,4,Great service!,12-04-2020
533,662,11,15-02-2022,1,Fast delivery,06-06-2023
534,566,33,21-07-2023,3,Great service!,07-02-2021
535,929,9,25-12-2021,5,Fast delivery,11-10-2023
536,213,48,22-07-2020,2,Great service!,04-11-2021
537,734,21,11-02-2023,1,Fast delivery,29-12-2021
538,638,29,11-03-2021,5,Excellent quality,20-08-2021
539,782,35,10-09-2021,1,Product was damaged,01-02-2021
540,691,49,12-04-2020,1,Fast delivery,06-02-2022
541,445,44,09-04-2020,2,Excellent quality,11-02-2022
542,113,3,27-01-2020,2,Great service!,22-08-2020
543,98,27,30-12-2021,3,Great service!,22-03-2021
544,809,50,06-02-2022,3,Product was damaged,07-09-2022
545,368,28,31-03-2020,3,Great service!,12-11-2022
546,251,46,26-11-2021,5,Fast delivery,20-07-2020
547,884,24,26-12-2023,4,Poor customer support,02-01-2023
548,477,1,21-02-2020,3,Fast delivery,25-03-2021
549,202,30,05-08-2022,4,Product was damaged,22-04-2023
550,230,25,21-03-2022,1,Excellent quality,15-03-2020
551,544,44,27-07-2022,5,Poor customer support,19-05-2021
552,285,17,16-12-2020,1,Poor customer support,01-01-2020
553,976,8,26-01-2021,5,Excellent quality,21-05-2021
554,442,41,30-07-2022,2,Product was damaged,07-10-2022
555,431,16,12-01-2023,1,Great service!,22-11-2020
556,730,47,02-01-2023,1,Excellent quality,04-05-2021
557,371,41,02-07-2021,3,Excellent quality,12-11-2020
558,948,9,24-07-2020,5,Excellent quality,14-07-2022
559,706,30,02-10-2021,3,Poor customer support,29-10-2021
560,975,47,09-03-2020,2,Product was damaged,02-01-2020
561,401,36,08-08-2023,1,Excellent quality,28-10-2023
562,651,27,05-02-2022,3,Great service!,13-06-2023
563,126,2,12-01-2022,4,Excellent quality,11-03-2022
564,150,16,04-10-2020,4,Product was damaged,16-05-2021
565,734,46,19-12-2021,1,Fast delivery,05-12-2023
566,886,19,01-06-2021,2,Poor customer support,05-06-2022
567,228,36,26-05-2020,3,Product was damaged,15-06-2023
568,21,39,24-02-2022,5,Product was damaged,15-02-2023
569,258,43,23-07-2020,1,Product was damaged,23-12-2021
570,76,50,18-02-2022,1,Fast delivery,03-01-2020
571,678,2,04-01-2021,3,Product was damaged,13-12-2023
572,767,17,21-07-2022,2,Product was damaged,30-07-2020
573,973,17,12-01-2020,2,Fast delivery,03-01-2023
574,205,14,21-04-2021,4,Excellent quality,14-09-2021
575,844,22,05-06-2021,1,Fast delivery,21-03-2020
576,39,41,13-03-2023,4,Poor customer support,04-09-2023
577,998,19,20-07-2023,2,Product was damaged,25-08-2021
578,108,18,11-03-2020,5,Great service!,09-02-2020
579,89,29,25-05-2023,2,Fast delivery,01-11-2023
580,648,11,04-10-2021,2,Excellent quality,04-06-2023
581,536,28,15-05-2022,3,Excellent quality,02-08-2020
582,663,3,12-04-2023,5,Great service!,05-07-2023
583,571,24,15-05-2022,4,Fast delivery,11-08-2023
584,899,46,19-01-2023,4,Product was damaged,05-01-2023
585,865,27,13-07-2022,3,Product was damaged,31-05-2022
586,401,8,09-07-2023,1,Poor customer support,06-10-2021
587,601,23,04-11-2020,1,Fast delivery,25-06-2020
588,786,21,11-08-2023,3,Great service!,10-08-2020
589,562,14,20-08-2021,1,Product was damaged,10-05-2022
590,38,39,16-01-2020,2,Excellent quality,03-07-2020
591,266,42,30-04-2020,3,Excellent quality,02-07-2020
592,469,20,21-01-2020,2,Excellent quality,23-09-2022
593,433,44,27-08-2022,4,Fast delivery,29-05-2020
594,31,40,02-11-2020,2,Product was damaged,09-05-2020
595,540,15,25-06-2020,1,Fast delivery,19-10-2021
596,253,6,12-09-2021,3,Excellent quality,08-11-2021
597,972,8,18-12-2023,1,Excellent quality,10-09-2022
598,780,47,08-11-2021,4,Great service!,28-08-2020
599,992,15,24-07-2023,3,Great service!,29-06-2023
600,52,12,16-12-2021,5,Product was damaged,22-04-2023
601,24,33,01-05-2022,5,Product was damaged,03-01-2024
602,985,10,16-04-2022,3,Great service!,04-05-2021
603,326,37,14-07-2022,3,Fast delivery,15-10-2021
604,717,36,21-04-2023,4,Product was damaged,03-07-2023
605,876,1,03-08-2023,2,Excellent quality,19-09-2021
606,321,41,22-04-2020,1,Product was damaged,01-07-2020
607,293,1,29-04-2021,2,Product was damaged,19-08-2022
608,646,43,11-12-2023,4,Excellent quality,03-04-2020
609,495,25,09-10-2023,3,Fast delivery,04-02-2022
610,170,42,24-06-2022,3,Product was damaged,07-06-2022
611,895,47,12-12-2020,2,Excellent quality,21-01-2020
612,725,16,06-07-2021,5,Product was damaged,15-11-2022
613,130,43,29-08-2023,1,Poor customer support,12-02-2023
614,491,28,06-12-2023,1,Excellent quality,06-01-2022
615,417,15,17-12-2023,4,Excellent quality,09-11-2021
616,559,16,19-05-2020,3,Product was damaged,23-01-2020
617,97,16,08-06-2021,2,Great service!,21-12-2022
618,63,38,18-08-2023,1,Poor customer support,16-11-2022
619,137,9,24-02-2021,3,Product was damaged,09-02-2020
620,929,21,18-11-2023,4,Product was damaged,21-07-2022
621,58,12,27-02-2020,4,Poor customer support,06-04-2021
622,505,30,05-11-2022,2,Product was damaged,03-08-2020
623,127,10,12-06-2023,5,Poor customer support,23-05-2020
624,799,21,13-01-2022,4,Product was damaged,17-06-2023
625,732,30,26-01-2020,1,Excellent quality,19-09-2023
626,571,36,31-03-2023,5,Fast delivery,13-03-2021
627,554,42,12-01-2022,3,Fast delivery,17-10-2020
628,828,44,04-04-2020,5,Poor customer support,25-07-2020
629,598,15,20-12-2020,4,Product was damaged,18-05-2021
630,699,42,17-12-2021,4,Great service!,22-07-2021
631,562,28,28-06-2022,5,Fast delivery,09-12-2022
632,654,46,26-04-2021,3,Fast delivery,20-11-2021
633,643,35,24-12-2023,2,Fast delivery,16-08-2023
634,205,17,02-06-2023,3,Great service!,10-10-2021
635,844,30,14-11-2022,3,Fast delivery,14-04-2021
636,511,19,27-12-2021,4,Fast delivery,19-12-2022
637,603,25,15-07-2021,3,Fast delivery,14-12-2020
638,527,48,18-01-2023,4,Great service!,26-02-2023
639,807,45,07-09-2020,3,Excellent quality,25-10-2022
640,772,1,29-05-2023,3,Poor customer support,02-08-2023
641,689,9,07-09-2020,3,Fast delivery,26-12-2020
642,446,42,01-01-2022,4,Excellent quality,25-11-2023
643,400,11,17-12-2021,3,Fast delivery,05-10-2021
644,39,11,20-03-2023,5,Fast delivery,07-07-2023
645,122,20,27-03-2021,3,Great service!,12-06-2022
646,43,8,01-10-2020,1,Excellent quality,03-11-2021
647,351,32,21-12-2022,4,Product was damaged,11-02-2020
648,634,31,15-12-2022,3,Fast delivery,27-10-2021
649,959,20,31-01-2021,4,Product was damaged,15-10-2023
650,42,5,30-04-2023,1,Poor customer support,02-02-2022
651,963,27,10-09-2023,4,Poor customer support,29-08-2023
652,146,12,14-02-2020,5,Fast delivery,07-01-2024
653,181,31,29-10-2023,5,Product was damaged,06-10-2020
654,4,39,30-01-2020,2,Fast delivery,02-03-2023
655,186,37,09-10-2021,2,Excellent quality,22-11-2023
656,339,29,26-12-2020,1,Product was damaged,26-12-2023
657,478,17,07-03-2021,2,Poor customer support,29-05-2022
658,916,40,06-04-2020,2,Great service!,03-12-2020
659,964,23,25-02-2022,5,Great service!,28-11-2020
660,91,33,02-09-2020,5,Product was damaged,20-09-2023
661,99,39,09-12-2020,5,Fast delivery,02-03-2020
662,907,39,02-08-2022,4,Excellent quality,17-10-2021
663,88,4,19-04-2023,1,Great service!,22-12-2020
664,479,33,29-10-2021,3,Great service!,16-09-2023
665,558,7,10-04-2020,2,Poor customer support,10-02-2022
666,289,9,11-06-2021,1,Product was damaged,15-01-2022
667,90,9,27-12-2021,1,Fast delivery,13-11-2021
668,495,5,10-07-2022,1,Fast delivery,17-04-2023
669,795,13,26-06-2020,1,Great service!,27-10-2023
670,491,24,28-09-2021,1,Great service!,13-01-2023
671,915,33,23-04-2021,2,Poor customer support,01-11-2023
672,445,8,04-11-2023,3,Fast delivery,25-10-2021
673,206,18,19-01-2023,2,Fast delivery,01-11-2020
674,924,28,17-01-2023,3,Poor customer support,30-06-2021
675,696,13,03-02-2021,1,Product was damaged,20-02-2020
676,257,11,19-07-2023,4,Fast delivery,05-02-2022
677,972,19,25-12-2023,4,Poor customer support,01-07-2022
678,756,32,11-11-2023,1,Excellent quality,16-06-2023
679,804,30,11-06-2022,3,Fast delivery,16-02-2021
680,732,36,02-09-2020,2,Product was damaged,26-07-2022
681,389,20,26-03-2020,5,Fast delivery,10-08-2023
682,624,5,23-10-2023,3,Excellent quality,26-10-2020
683,230,39,25-12-2021,1,Fast delivery,18-01-2023
684,305,3,03-04-2023,2,Product was damaged,10-01-2020
685,726,46,29-07-2023,4,Product was damaged,28-06-2023
686,289,29,21-11-2021,3,Great service!,31-05-2021
687,359,34,21-07-2020,5,Great service!,28-07-2022
688,355,46,03-06-2021,2,Excellent quality,30-12-2020
689,527,37,20-04-2023,2,Excellent quality,31-12-2021
690,306,18,23-05-2021,4,Excellent quality,23-03-2022
691,512,50,08-08-2021,2,Product was damaged,20-05-2022
692,704,6,20-02-2022,3,Fast delivery,22-07-2021
693,75,26,22-07-2022,2,Excellent quality,26-05-2023
694,434,19,26-05-2021,3,Excellent quality,05-05-2021
695,409,39,03-07-2023,3,Poor customer support,17-01-2023
696,450,27,02-05-2022,3,Excellent quality,07-01-2022
697,42,34,09-11-2020,3,Product was damaged,23-07-2020
698,207,34,19-05-2023,5,Product was damaged,05-06-2021
699,181,22,24-08-2020,5,Product was damaged,29-11-2021
700,175,32,22-10-2020,2,Product was damaged,21-09-2023
701,209,49,05-11-2022,2,Product was damaged,13-04-2022
702,811,49,19-10-2020,5,Poor customer support,19-06-2021
703,308,39,21-08-2021,4,Great service!,23-11-2021
704,175,19,29-03-2022,2,Fast delivery,23-11-2022
705,915,27,19-02-2021,5,Poor customer support,23-09-2021
706,586,24,19-07-2023,3,Poor customer support,14-12-2022
707,33,47,05-06-2020,4,Great service!,03-12-2023
708,510,30,25-08-2022,4,Excellent quality,10-03-2021
709,121,3,02-03-2023,5,Poor customer support,30-12-2020
710,459,7,22-05-2021,3,Product was damaged,18-02-2020
711,291,43,05-11-2022,4,Great service!,07-02-2020
712,154,16,27-03-2021,1,Product was damaged,21-01-2024
713,644,43,20-06-2020,5,Poor customer support,03-04-2023
714,241,37,10-08-2020,2,Great service!,06-12-2023
715,874,19,17-03-2020,2,Product was damaged,18-07-2021
716,41,27,06-03-2023,5,Great service!,10-10-2022
717,894,18,08-11-2021,4,Fast delivery,01-08-2020
718,246,46,21-11-2022,2,Poor customer support,16-07-2020
719,856,28,10-01-2020,4,Excellent quality,08-03-2020
720,694,20,13-11-2022,2,Great service!,25-04-2020
721,16,14,02-11-2022,4,Product was damaged,28-06-2022
722,774,2,18-03-2020,2,Excellent quality,31-10-2020
723,696,31,13-01-2022,2,Excellent quality,05-04-2021
724,697,19,03-11-2020,2,Poor customer support,24-05-2023
725,376,21,14-11-2023,4,Product was damaged,28-06-2023
726,362,41,08-11-2020,3,Fast delivery,19-10-2020
727,174,13,07-11-2021,1,Poor customer support,21-05-2022
728,360,27,27-02-2021,5,Fast delivery,29-03-2023
729,431,5,07-06-2022,3,Excellent quality,05-08-2022
730,780,12,21-07-2022,4,Product was damaged,22-06-2020
731,224,3,26-05-2021,1,Excellent quality,31-01-2020
732,469,14,28-08-2023,5,Excellent quality,11-11-2023
733,428,28,22-03-2023,1,Fast delivery,31-08-2023
734,934,49,16-04-2023,2,Product was damaged,28-09-2022
735,348,20,23-06-2021,1,Product was damaged,11-10-2021
736,936,3,04-08-2023,1,Poor customer support,01-08-2021
737,701,40,23-02-2021,5,Fast delivery,13-07-2022
738,537,50,12-01-2020,1,Great service!,22-08-2020
739,131,6,10-08-2021,5,Great service!,17-03-2023
740,986,26,02-08-2022,4,Poor customer support,23-11-2021
741,385,25,30-12-2021,2,Product was damaged,04-03-2021
742,476,48,03-12-2023,4,Product was damaged,13-07-2022
743,138,19,13-12-2020,2,Fast delivery,13-01-2024
744,306,3,11-03-2023,5,Excellent quality,17-11-2023
745,462,50,07-10-2022,3,Great service!,15-03-2022
746,749,42,10-09-2023,2,Product was damaged,13-06-2020
747,779,25,21-08-2021,4,Excellent quality,29-01-2020
748,917,32,27-10-2023,2,Fast delivery,01-11-2021
749,193,29,28-06-2022,2,Product was damaged,19-08-2023
750,850,25,20-10-2021,4,Product was damaged,09-09-2020
751,194,12,17-10-2022,3,Poor customer support,30-05-2023
752,84,32,01-04-2022,4,Poor customer support,20-09-2022
753,973,40,01-07-2023,3,Excellent quality,09-09-2022
754,826,43,30-04-2020,2,Excellent quality,22-04-2023
755,352,32,02-06-2021,3,Product was damaged,15-12-2020
756,895,35,27-03-2022,2,Product was damaged,24-08-2023
757,405,6,31-07-2023,4,Great service!,13-01-2024
758,545,45,02-07-2021,2,Product was damaged,29-01-2020
759,626,22,31-10-2020,2,Poor customer support,07-05-2021
760,419,18,04-03-2020,4,Poor customer support,28-08-2023
761,991,17,20-11-2020,1,Product was damaged,05-03-2021
762,661,32,17-03-2023,1,Excellent quality,23-05-2021
763,965,7,11-07-2023,1,Product was damaged,09-02-2022
764,666,2,08-11-2022,2,Great service!,24-04-2021
765,190,6,06-03-2022,1,Product was damaged,03-02-2021
766,872,12,04-10-2020,4,Poor customer support,29-11-2023
767,109,41,25-02-2020,5,Fast delivery,13-07-2022
768,508,48,03-11-2022,5,Great service!,03-10-2021
769,642,15,10-07-2023,5,Poor customer support,01-07-2021
770,293,14,27-01-2023,3,Fast delivery,27-06-2021
771,978,37,26-01-2021,2,Excellent quality,01-02-2023
772,979,35,13-02-2020,3,Poor customer support,15-08-2020
773,508,8,28-03-2021,2,Excellent quality,05-03-2023
774,791,14,20-11-2021,1,Excellent quality,22-04-2020
775,413,16,11-01-2023,2,Excellent quality,01-07-2023
776,981,45,26-02-2020,5,Product was damaged,21-03-2020
777,421,13,04-05-2021,2,Fast delivery,27-09-2021
778,334,7,12-08-2022,5,Fast delivery,21-06-2021
779,326,30,24-07-2020,1,Excellent quality,29-05-2021
780,456,24,15-12-2021,4,Great service!,01-10-2021
781,288,25,25-01-2020,5,Poor customer support,08-04-2022
782,99,12,20-03-2023,1,Great service!,28-11-2023
783,105,48,01-06-2022,4,Poor customer support,28-10-2021
784,619,40,07-06-2021,5,Fast delivery,29-08-2021
785,130,10,17-02-2023,1,Fast delivery,04-03-2020
786,567,21,06-06-2022,1,Fast delivery,24-04-2021
787,497,41,13-11-2023,1,Product was damaged,06-07-2023
788,740,28,06-12-2021,1,Fast delivery,05-12-2020
789,396,8,15-04-2022,2,Great service!,28-05-2021
790,537,49,02-09-2020,1,Poor customer support,12-01-2024
791,584,6,22-02-2022,4,Product was damaged,07-01-2021
792,621,26,30-03-2020,5,Excellent quality,09-06-2020
793,14,3,25-05-2021,5,Fast delivery,29-10-2021
794,896,43,16-09-2023,1,Fast delivery,21-10-2023
795,627,42,05-12-2022,5,Fast delivery,03-06-2023
796,878,5,25-01-2020,1,Excellent quality,15-05-2020
797,369,2,04-02-2020,2,Great service!,12-01-2024
798,584,13,27-01-2023,4,Product was damaged,01-11-2022
799,777,50,08-03-2023,4,Great service!,20-03-2021
800,853,33,11-03-2022,1,Fast delivery,18-09-2021
801,303,6,24-10-2020,5,Poor customer support,14-04-2023
802,543,29,27-06-2022,5,Poor customer support,06-08-2022
803,934,17,13-11-2022,1,Great service!,31-03-2021
804,179,49,01-04-2021,5,Poor customer support,20-07-2023
805,218,27,10-01-2022,1,Product was damaged,20-02-2022
806,851,22,14-03-2020,3,Product was damaged,03-07-2023
807,26,26,17-01-2021,1,Poor customer support,15-10-2020
808,729,45,08-10-2020,5,Product was damaged,10-06-2022
809,669,50,04-04-2020,1,Product was damaged,27-07-2023
810,529,10,21-07-2020,1,Fast delivery,29-06-2022
811,521,30,07-03-2022,5,Poor customer support,05-08-2020
812,73,16,27-01-2023,5,Excellent quality,10-12-2022
813,688,5,10-06-2023,2,Fast delivery,15-10-2020
814,187,6,17-02-2023,4,Fast delivery,12-03-2023
815,986,18,30-04-2021,5,Poor customer support,03-02-2020
816,742,38,13-12-2021,5,Excellent quality,26-03-2023
817,711,6,21-01-2023,4,Fast delivery,11-11-2021
818,497,1,14-02-2021,5,Product was damaged,02-04-2022
819,937,33,27-07-2023,2,Excellent quality,30-04-2022
820,175,30,29-04-2023,3,Great service!,26-08-2021
821,43,42,31-05-2023,3,Poor customer support,20-01-2024
822,663,4,25-06-2023,2,Great service!,16-01-2024
823,354,31,24-11-2020,3,Excellent quality,14-07-2023
824,252,27,08-08-2020,2,Excellent quality,06-06-2021
825,617,2,17-06-2022,1,Poor customer support,23-01-2023
826,602,34,30-07-2023,1,Product was damaged,27-01-2022
827,910,19,12-07-2021,1,Poor customer support,09-04-2022
828,332,25,28-03-2023,5,Fast delivery,20-02-2020
829,462,37,23-09-2020,3,Excellent quality,16-02-2020
830,312,41,10-05-2021,1,Poor customer support,14-06-2020
831,947,34,03-04-2023,2,Fast delivery,16-01-2021
832,925,20,25-08-2023,4,Excellent quality,10-01-2023
833,844,43,13-01-2023,3,Fast delivery,17-02-2023
834,584,41,09-04-2022,3,Product was damaged,28-10-2021
835,984,49,05-09-2023,1,Poor customer support,16-10-2020
836,849,18,01-05-2021,2,Poor customer support,16-04-2023
837,28,18,10-02-2023,4,Excellent quality,06-09-2022
838,870,10,07-05-2022,3,Fast delivery,17-07-2022
839,922,24,25-07-2020,5,Fast delivery,06-05-2022
840,360,23,16-03-2020,3,Excellent quality,19-04-2021
841,41,20,05-02-2021,3,Fast delivery,13-04-2022
842,886,31,26-04-2023,1,Excellent quality,21-05-2022
843,943,24,11-10-2023,5,Excellent quality,26-07-2021
844,51,16,18-02-2020,2,Product was damaged,20-09-2021
845,885,48,05-08-2020,2,Fast delivery,05-01-2022
846,750,37,08-04-2021,5,Excellent quality,07-04-2020
847,130,17,27-05-2021,2,Fast delivery,19-08-2020
848,185,11,07-09-2020,4,Excellent quality,31-05-2020
849,333,18,18-08-2020,5,Excellent quality,20-01-2023
850,682,21,09-10-2023,1,Product was damaged,08-12-2023
851,249,29,15-03-2022,5,Poor customer support,20-01-2024
852,986,6,14-01-2022,3,Poor customer support,12-08-2020
853,189,20,22-02-2021,2,Great service!,18-04-2020
854,18,41,31-05-2021,2,Product was damaged,29-12-2023
855,319,21,15-12-2022,1,Fast delivery,13-06-2023
856,301,21,22-05-2023,4,Poor customer support,31-03-2023
857,62,43,17-04-2021,5,Product was damaged,22-02-2021
858,933,6,09-09-2023,2,Product was damaged,24-10-2022
859,699,15,03-12-2023,5,Product was damaged,18-11-2020
860,204,30,18-06-2023,1,Great service!,30-11-2021
861,197,34,18-09-2022,4,Great service!,21-02-2021
862,159,4,27-12-2020,4,Poor customer support,11-09-2021
863,205,27,12-04-2023,1,Excellent quality,09-01-2022
864,641,31,15-08-2020,5,Great service!,03-02-2023
865,676,27,27-08-2021,3,Poor customer support,06-08-2021
866,585,11,07-10-2021,2,Great service!,09-03-2021
867,227,18,24-08-2022,4,Great service!,22-02-2022
868,956,4,19-08-2023,1,Fast delivery,09-08-2020
869,210,13,24-10-2022,2,Poor customer support,25-08-2021
870,307,49,26-04-2020,5,Fast delivery,08-09-2023
871,143,49,15-10-2022,2,Great service!,27-03-2021
872,811,8,20-10-2020,2,Product was damaged,14-08-2022
873,560,17,05-11-2021,3,Excellent quality,10-09-2023
874,987,37,18-09-2022,2,Excellent quality,08-04-2022
875,591,18,23-12-2023,5,Product was damaged,31-12-2021
876,678,14,31-07-2023,5,Excellent quality,28-05-2020
877,22,36,24-03-2023,3,Great service!,23-07-2021
878,240,30,13-04-2021,3,Excellent quality,12-04-2021
879,593,39,05-08-2020,4,Product was damaged,08-10-2022
880,728,20,05-08-2023,4,Poor customer support,28-11-2023
881,20,21,11-08-2023,3,Excellent quality,18-09-2020
882,359,2,30-01-2022,5,Great service!,08-08-2023
883,704,41,09-12-2022,5,Product was damaged,01-05-2022
884,85,15,05-07-2021,2,Product was damaged,03-01-2022
885,902,36,26-01-2020,5,Fast delivery,11-12-2023
886,493,49,23-09-2022,4,Product was damaged,16-11-2020
887,116,8,24-11-2022,5,Poor customer support,12-12-2023
888,296,22,07-05-2020,2,Poor customer support,13-12-2023
889,437,15,04-06-2022,3,Poor customer support,15-03-2020
890,315,35,04-05-2020,3,Excellent quality,25-07-2021
891,715,19,23-01-2020,2,Great service!,01-06-2020
892,5,41,09-08-2023,2,Fast delivery,22-03-2022
893,848,27,15-05-2023,5,Great service!,11-07-2023
894,339,23,27-05-2020,3,Poor customer support,10-09-2023
895,980,44,28-10-2022,1,Excellent quality,12-02-2020
896,337,45,19-06-2020,5,Poor customer support,23-12-2023
897,210,3,26-07-2023,3,Product was damaged,19-08-2020
898,526,14,05-12-2021,3,Poor customer support,30-05-2020
899,500,49,08-10-2020,3,Poor customer support,15-01-2022
900,146,26,20-04-2020,1,Excellent quality,17-09-2023
901,7,13,09-05-2020,1,Product was damaged,30-06-2020
902,911,41,09-02-2022,4,Fast delivery,02-06-2020
903,323,28,19-09-2021,3,Excellent quality,10-10-2022
904,149,44,09-11-2022,2,Excellent quality,01-10-2021
905,180,15,25-05-2022,3,Fast delivery,31-07-2021
906,944,40,24-06-2021,4,Poor customer support,19-12-2020
907,118,35,04-12-2021,5,Excellent quality,16-12-2020
908,886,22,05-10-2020,3,Poor customer support,12-08-2021
909,956,1,08-09-2021,3,Great service!,31-05-2020
910,317,19,24-07-2021,2,Poor customer support,07-01-2020
911,789,12,12-10-2020,4,Product was damaged,02-01-2024
912,472,35,08-12-2021,1,Excellent quality,20-12-2020
913,831,8,19-06-2021,1,Great service!,30-12-2020
914,387,33,16-11-2021,5,Fast delivery,18-08-2022
915,722,13,17-08-2021,2,Great service!,18-03-2023
916,833,18,10-08-2022,1,Poor customer support,06-09-2020
917,38,17,04-08-2022,4,Fast delivery,08-06-2022
918,312,15,20-11-2020,1,Great service!,24-01-2022
919,706,46,21-11-2023,1,Fast delivery,17-01-2020
920,202,17,11-12-2022,5,Poor customer support,25-09-2022
921,304,3,14-01-2020,5,Fast delivery,18-04-2023
922,658,20,22-10-2023,4,Excellent quality,02-04-2020
923,946,46,14-07-2020,3,Fast delivery,05-09-2020
924,561,49,15-04-2022,1,Poor customer support,25-07-2022
925,771,11,03-07-2023,1,Excellent quality,25-06-2021
926,362,45,03-07-2021,3,Great service!,17-11-2023
927,312,18,15-06-2020,3,Excellent quality,19-06-2022
928,102,40,29-09-2021,3,Excellent quality,05-10-2022
929,695,34,05-08-2022,2,Fast delivery,05-06-2020
930,990,33,28-09-2022,3,Product was damaged,10-10-2020
931,677,30,15-11-2021,2,Excellent quality,18-05-2021
932,903,23,14-05-2020,2,Product was damaged,25-06-2023
933,768,1,25-12-2020,2,Poor customer support,15-05-2021
934,538,24,18-08-2023,4,Poor customer support,28-10-2020
935,213,45,20-06-2021,3,Fast delivery,05-06-2023
936,620,5,22-12-2023,3,Fast delivery,04-05-2022
937,291,6,21-01-2022,5,Product was damaged,23-01-2023
938,517,49,05-01-2020,1,Product was damaged,26-03-2021
939,15,12,13-10-2023,2,Fast delivery,14-02-2021
940,113,15,10-11-2020,2,Excellent quality,23-09-2022
941,321,24,10-07-2021,2,Poor customer support,07-12-2022
942,338,46,09-03-2020,3,Poor customer support,06-10-2021
943,678,44,20-02-2021,2,Poor customer support,20-11-2020
944,517,19,21-02-2021,2,Poor customer support,24-06-2023
945,62,10,22-12-2021,4,Poor customer support,31-08-2023
946,731,27,06-02-2020,3,Great service!,03-04-2022
947,965,38,30-11-2020,3,Poor customer support,23-07-2021
948,677,23,08-05-2021,5,Fast delivery,04-02-2023
949,566,44,24-09-2022,2,Great service!,01-08-2021
950,744,3,17-10-2022,1,Fast delivery,08-11-2023
951,541,1,17-10-2022,4,Product was damaged,17-07-2023
952,311,22,19-12-2022,1,Great service!,27-12-2021
953,473,27,01-05-2022,1,Excellent quality,06-05-2023
954,944,26,14-03-2021,2,Great service!,25-03-2022
955,334,43,25-06-2020,5,Great service!,02-06-2022
956,720,3,07-03-2022,1,Fast delivery,07-03-2022
957,437,7,15-04-2022,3,Product was damaged,24-10-2021
958,997,22,27-01-2020,1,Product was damaged,13-01-2021
959,512,47,12-11-2022,3,Great service!,25-01-2021
960,435,5,17-11-2023,1,Product was damaged,04-04-2022
961,397,19,15-01-2022,3,Fast delivery,05-03-2022
962,660,27,27-01-2021,5,Excellent quality,05-03-2021
963,290,8,22-06-2020,3,Excellent quality,15-09-2020
964,391,21,10-02-2020,3,Poor customer support,24-05-2022
965,343,28,12-11-2023,2,Fast delivery,11-06-2022
966,269,17,03-08-2022,3,Excellent quality,17-03-2020
967,145,48,06-01-2021,1,Product was damaged,08-08-2021
968,27,4,31-05-2022,4,Excellent quality,01-01-2021
969,381,47,18-01-2021,2,Great service!,02-11-2023
970,511,15,25-02-2023,3,Fast delivery,30-06-2022
971,815,28,25-01-2023,2,Excellent quality,29-09-2021
972,946,8,20-10-2022,1,Product was damaged,06-06-2021
973,304,13,29-01-2021,1,Excellent quality,08-02-2021
974,632,8,10-08-2020,2,Excellent quality,20-02-2022
975,440,21,19-04-2023,2,Product was damaged,05-09-2020
976,252,33,10-08-2020,4,Great service!,29-08-2021
977,850,28,06-05-2021,5,Product was damaged,01-11-2023
978,874,15,01-04-2022,1,Product was damaged,16-01-2020
979,399,31,13-07-2020,5,Poor customer support,31-10-2022
980,885,24,17-06-2020,1,Great service!,15-03-2022
981,786,31,25-02-2020,2,Product was damaged,26-10-2022
982,323,17,31-01-2020,1,Product was damaged,21-04-2022
983,519,39,14-10-2021,3,Product was damaged,25-04-2020
984,753,25,02-02-2023,4,Fast delivery,12-08-2020
985,693,43,18-09-2023,3,Poor customer support,16-06-2020
986,385,7,08-03-2020,2,Excellent quality,13-04-2022
987,409,37,09-03-2023,1,Product was damaged,29-07-2022
988,439,35,09-10-2021,3,Product was damaged,03-07-2022
989,402,1,17-01-2021,3,Poor customer support,07-02-2023
990,815,45,27-02-2020,2,Product was damaged,12-01-2024
991,611,7,15-02-2022,2,Poor customer support,01-11-2020
992,318,38,20-01-2022,5,Product was damaged,23-04-2023
993,654,36,17-01-2023,2,Product was damaged,03-11-2023
994,926,36,09-12-2023,2,Great service!,14-11-2020
995,449,24,02-08-2020,5,Fast delivery,08-09-2021
996,997,5,12-08-2020,5,Fast delivery,11-04-2023
997,510,44,13-11-2021,3,Product was damaged,23-01-2023
998,849,37,20-10-2023,1,Fast delivery,30-09-2022
999,605,20,01-12-2021,1,Fast delivery,12-10-2023
1000,618,2,05-11-2020,1,Fast delivery,20-09-2022
