SaleDetailID,SaleID,ProductID,Quantity,UnitPrice,Discount,Line Total 
1,4497,432,2,909.59,0.05,1728.221
2,6258,346,1,466.37,0.15,396.4145
3,8088,269,7,325.69,0.16,1915.0572
4,6104,439,1,735.93,0.15,625.5405
5,5133,162,6,341.94,0.17,1702.8612
6,8086,311,1,44.38,0.14,38.1668
7,9875,350,4,522.18,0.14,1796.2992
8,9639,428,5,327.5,0.09,1490.125
9,7189,425,1,53.8,0.12,47.344
10,9712,2,8,762.12,0.14,5243.3856
11,4311,204,7,577.41,0.1,3637.683
12,5264,184,1,355.5,0.14,305.73
13,2538,342,5,422.63,0.18,1732.783
14,4999,358,4,87.46,0.09,318.3544
15,8532,269,1,132.35,0.09,120.4385
16,8304,432,4,424.88,0.16,1427.5968
17,3738,372,4,159.77,0.06,600.7352
18,4182,345,6,198.07,0.02,1164.6516
19,4457,424,4,375.03,0.08,1380.1104
20,484,103,5,528.76,0.1,2379.42
21,9073,444,3,561.96,0.06,1584.7272
22,3103,495,7,494.63,0.13,3012.2967
23,7528,37,3,82.22,0.11,219.5274
24,168,21,5,89.04,0.06,418.488
25,7451,274,2,213.62,0.03,414.4228
26,7049,467,8,877.25,0.15,5965.3
27,7116,333,4,120.43,0,481.72
28,8029,183,1,724.92,0.07,674.1756
29,3292,89,2,821.19,0.06,1543.8372
30,1736,208,7,113.91,0.02,781.4226
31,7281,109,7,600.73,0.19,3406.1391
32,9741,250,2,771.4,0.07,1434.804
33,6094,63,8,805.16,0.17,5346.2624
34,847,221,1,38.71,0.09,35.2261
35,888,188,4,539.85,0.12,1900.272
36,6508,174,8,194.51,0.12,1369.3504
37,9504,16,5,890.41,0.11,3962.3245
38,4054,214,8,470.19,0.19,3046.8312
39,3127,172,8,421.58,0.12,2967.9232
40,4265,140,9,214.74,0.2,1546.128
41,1818,235,1,204.26,0.07,189.9618
42,3181,320,1,991.33,0.12,872.3704
43,5021,474,9,76.96,0.19,561.0384
44,2944,156,7,51.65,0.13,314.5485
45,6180,439,9,273.25,0.05,2336.2875
46,6868,284,2,372.86,0.17,618.9476
47,3937,87,8,394.34,0.1,2839.248
48,6203,103,1,199.84,0.15,169.864
49,5611,94,4,939.71,0.01,3721.2516
50,3743,356,8,903.1,0.08,6646.816
51,9955,422,4,502.29,0.13,1747.9692
52,9376,439,3,756.09,0.14,1950.7122
53,2858,398,7,232.52,0.11,1448.5996
54,3897,250,5,856.27,0.01,4238.5365
55,5488,159,1,417.81,0.16,350.9604
56,5083,63,4,142.2,0.13,494.856
57,8536,430,4,795.17,0.02,3117.0664
58,7480,76,1,485.93,0.17,403.3219
59,6066,367,5,610.98,0.12,2688.312
60,8827,459,2,917.47,0.17,1523.0002
61,1238,388,8,576.61,0.17,3828.6904
62,3230,473,9,273.52,0.14,2117.0448
63,4378,363,2,349.49,0.06,657.0412
64,2178,345,4,857.87,0.15,2916.758
65,5482,364,2,814.81,0.07,1515.5466
66,2924,276,5,742.22,0.07,3451.323
67,6407,456,7,137.66,0.13,838.3494
68,5275,24,5,202.39,0.18,829.799
69,1329,338,5,705.96,0.09,3212.118
70,5368,294,2,285.28,0.11,507.7984
71,9429,329,3,714.23,0.05,2035.5555
72,1434,408,6,696.52,0.13,3635.8344
73,1857,497,6,592.74,0.06,3343.0536
74,1533,325,1,988.44,0.18,810.5208
75,6862,432,1,875.68,0,875.68
76,9920,45,9,129.44,0.1,1048.464
77,4964,333,2,735.98,0.17,1221.7268
78,1496,405,2,850.11,0.06,1598.2068
79,8281,329,9,873.21,0.1,7073.001
80,1929,194,5,519.14,0.02,2543.786
81,9231,437,6,859.05,0.02,5051.214
82,5894,368,3,855.82,0.13,2233.6902
83,7725,449,7,558.4,0.16,3283.392
84,1868,264,2,545.78,0.01,1080.6444
85,8135,472,5,619.11,0.04,2971.728
86,9635,34,4,165.68,0.09,603.0752
87,3906,138,8,741.51,0.19,4804.9848
88,5530,365,2,891.49,0.02,1747.3204
89,5081,385,1,564.39,0.15,479.7315
90,3774,163,2,739.48,0.12,1301.4848
91,469,361,2,527.08,0.08,969.8272
92,8833,55,8,566.31,0.06,4258.6512
93,8629,26,1,581.3,0.07,540.609
94,8166,68,1,263.07,0.08,242.0244
95,9148,351,1,767.67,0.18,629.4894
96,4618,133,3,422.68,0.2,1014.432
97,1686,87,5,69.34,0.19,280.827
98,285,482,8,489.87,0.03,3801.3912
99,4933,79,8,133.07,0.01,1053.9144
100,5512,451,5,801.23,0.04,3845.904
101,2485,275,5,179.75,0.06,844.825
102,1163,299,7,903.97,0.09,5758.2889
103,9630,39,1,889.41,0.1,800.469
104,1572,231,1,889.49,0.07,827.2257
105,4010,411,1,323.76,0.18,265.4832
106,7864,406,8,323.79,0.14,2227.6752
107,4743,305,8,368.59,0.14,2535.8992
108,390,314,4,881.97,0.12,3104.5344
109,557,315,5,387.6,0.11,1724.82
110,6550,207,7,570.44,0.09,3633.7028
111,2001,40,6,971.4,0.09,5303.844
112,7759,106,2,701.23,0.19,1135.9926
113,2505,271,7,798.64,0.12,4919.6224
114,3526,288,2,464.51,0.08,854.6984
115,9303,58,4,759.85,0.1,2735.46
116,6143,351,4,800.67,0.19,2594.1708
117,5329,500,5,686.3,0.07,3191.295
118,1277,56,1,999.31,0.2,799.448
119,7328,103,3,88.1,0.08,243.156
120,3267,465,8,833.89,0.16,5603.7408
121,9593,375,6,224.74,0.01,1334.9556
122,6288,52,3,630.94,0.08,1741.3944
123,4226,461,2,818.98,0.03,1588.8212
124,2036,486,6,653.08,0.06,3683.3712
125,5811,229,3,280.88,0.08,775.2288
126,9649,208,7,313.7,0.11,1954.351
127,1353,284,7,604.13,0.03,4102.0427
128,9124,482,2,906.36,0.09,1649.5752
129,5642,96,4,660.42,0.19,2139.7608
130,2948,248,3,430.11,0.1,1161.297
131,4181,408,8,866.18,0.01,6860.1456
132,4965,382,8,305.68,0.04,2347.6224
133,6146,165,4,531.45,0.16,1785.672
134,8604,190,4,316.38,0.06,1189.5888
135,121,5,6,787.16,0.17,3920.0568
136,1481,172,6,208.6,0.06,1176.504
137,8201,471,6,659.28,0.11,3520.5552
138,7809,306,2,663.14,0.12,1167.1264
139,4408,469,8,931.81,0.13,6485.3976
140,7981,129,7,446.78,0.15,2658.341
141,500,448,2,501.37,0.2,802.192
142,7053,461,8,602.73,0,4821.84
143,6030,244,1,135.64,0.16,113.9376
144,4241,236,7,460.52,0.16,2707.8576
145,4497,456,6,158.6,0.04,913.536
146,2975,257,9,789.92,0.06,6682.7232
147,8878,143,3,333.69,0.12,880.9416
148,5681,202,9,442.5,0.04,3823.2
149,755,1,5,290.3,0.12,1277.32
150,5323,462,5,264.6,0.04,1270.08
151,6091,493,6,987.67,0.11,5274.1578
152,2315,308,3,834.6,0.16,2103.192
153,7881,234,4,454.64,0.19,1473.0336
154,2298,357,6,830.13,0.09,4532.5098
155,4535,41,5,679.88,0.07,3161.442
156,3680,319,8,415.2,0.16,2790.144
157,387,430,7,37.72,0.05,250.838
158,1486,277,1,914.39,0.09,832.0949
159,2544,449,6,234.57,0.04,1351.1232
160,4712,239,5,727.49,0.16,3055.458
161,7129,219,9,817.26,0.08,6766.9128
162,6116,371,3,590.9,0.12,1559.976
163,8329,52,4,660.21,0.03,2561.6148
164,2050,415,4,78.07,0.19,252.9468
165,5239,199,4,564.82,0.2,1807.424
166,857,466,9,303.59,0.08,2513.7252
167,1144,292,8,572.19,0.17,3799.3416
168,2838,280,9,608.15,0.03,5309.1495
169,8341,422,4,82.58,0.15,280.772
170,6986,99,3,442.78,0.16,1115.8056
171,2267,68,5,848.53,0.11,3775.9585
172,6327,249,2,129.8,0.11,231.044
173,8762,258,5,751.7,0.16,3157.14
174,198,355,2,556.4,0.05,1057.16
175,3446,338,2,618.08,0.04,1186.7136
176,5563,450,7,31.57,0.15,187.8415
177,6504,91,4,865.17,0.1,3114.612
178,5505,313,6,903.65,0.18,4445.958
179,7266,319,9,627.32,0.2,4516.704
180,7472,104,3,988.22,0.17,2460.6678
181,8904,327,1,308.97,0.04,296.6112
182,9119,254,3,216.72,0.09,591.6456
183,8400,297,3,155.37,0.13,405.5157
184,5504,351,3,188.89,0.06,532.6698
185,2353,248,4,43.93,0.17,145.8476
186,2776,105,3,706.4,0.09,1928.472
187,9184,226,5,775.45,0.02,3799.705
188,5885,263,8,21.62,0.05,164.312
189,3427,57,3,241.36,0.12,637.1904
190,8317,173,6,225.95,0.14,1165.902
191,861,126,1,637.63,0.14,548.3618
192,8900,93,4,789.98,0.03,3065.1224
193,1315,121,1,721.35,0.15,613.1475
194,4555,392,2,764.4,0.02,1498.224
195,1058,225,3,715.53,0.19,1738.7379
196,6887,3,5,762.85,0.15,3242.1125
197,8122,104,9,566.26,0.14,4382.8524
198,4437,160,9,550.53,0.04,4756.5792
199,9553,211,3,824.07,0.03,2398.0437
200,9362,324,8,616.08,0.03,4780.7808
201,7886,394,2,154.44,0.05,293.436
202,1574,274,9,867.23,0.17,6478.2081
203,8512,339,4,486.96,0.13,1694.6208
204,7197,181,2,259.57,0.19,420.5034
205,8563,76,5,381.81,0.02,1870.869
206,7178,395,7,574.12,0.14,3456.2024
207,1809,160,6,399.85,0.17,1991.253
208,7101,6,9,596.4,0.1,4830.84
209,6228,166,7,565.37,0.01,3918.0141
210,1617,311,6,556.41,0.13,2904.4602
211,4679,412,8,569.97,0.12,4012.5888
212,4979,282,7,325.99,0.19,1848.3633
213,3901,200,7,863.33,0.16,5076.3804
214,871,74,8,536.96,0.11,3823.1552
215,300,214,6,55.3,0.02,325.164
216,2270,226,5,301.58,0.01,1492.821
217,9126,109,4,719.9,0.18,2361.272
218,4329,115,8,668.93,0.09,4869.8104
219,2226,256,9,202.73,0.13,1587.3759
220,74,86,9,998.25,0.14,7726.455
221,7456,406,4,629.66,0.11,2241.5896
222,7033,6,9,333.85,0.17,2493.8595
223,1370,479,2,398.67,0.01,789.3666
224,1456,292,7,920.43,0.15,5476.5585
225,2266,127,4,436.81,0.15,1485.154
226,7710,267,4,248.69,0.05,945.022
227,9993,338,8,350.25,0.02,2745.96
228,6764,376,3,534.88,0.13,1396.0368
229,2849,34,5,166.12,0.07,772.458
230,8474,259,5,60.47,0,302.35
231,714,241,3,409.62,0.09,1118.2626
232,7466,105,4,897.29,0.13,3122.5692
233,7207,115,9,927.83,0.18,6847.3854
234,5437,434,3,834,0.09,2276.82
235,7928,358,9,178.71,0.03,1560.1383
236,9130,248,1,58.29,0.09,53.0439
237,816,292,5,532.61,0.15,2263.5925
238,1776,209,5,680.04,0.02,3332.196
239,7329,94,9,659.38,0.04,5697.0432
240,9371,439,8,277.86,0.05,2111.736
241,5277,30,7,344.76,0.09,2196.1212
242,3794,62,1,967.91,0.18,793.6862
243,2915,243,7,432.48,0.15,2573.256
244,7791,181,2,651.77,0.12,1147.1152
245,9994,107,9,505.66,0.16,3822.7896
246,6506,50,3,856.23,0.18,2106.3258
247,4573,223,9,839.31,0.09,6873.9489
248,1168,160,5,652.43,0.15,2772.8275
249,8449,120,4,932.4,0.18,3058.272
250,7506,368,5,215.66,0.11,959.687
251,2436,339,2,541.19,0.15,920.023
252,1749,265,8,242.12,0.2,1549.568
253,8324,369,8,111.48,0.09,811.5744
254,2675,272,8,774.32,0.13,5389.2672
255,2452,422,8,616.58,0.09,4488.7024
256,4415,403,7,112.88,0.14,679.5376
257,8995,350,2,988.95,0.08,1819.668
258,9005,292,8,92.89,0.03,720.8264
259,4760,267,6,690.4,0.18,3396.768
260,8690,500,5,608,0.14,2614.4
261,6044,79,2,420.06,0.2,672.096
262,2553,472,3,862.27,0.15,2198.7885
263,8344,233,4,356.01,0.17,1181.9532
264,3284,191,4,824.71,0.19,2672.0604
265,6424,85,5,597.41,0.01,2957.1795
266,9542,124,2,398.59,0.17,661.6594
267,1126,427,9,350.43,0.02,3090.7926
268,6527,74,9,268.45,0.18,1981.161
269,1398,490,9,27.02,0.15,206.703
270,2813,499,5,624.57,0.09,2841.7935
271,281,217,4,459.91,0.16,1545.2976
272,6624,352,9,343.83,0.08,2846.9124
273,7761,289,8,183.75,0.15,1249.5
274,9669,49,7,10.94,0.04,73.5168
275,273,179,5,678.98,0.01,3360.951
276,7625,178,8,861.13,0.13,5993.4648
277,7507,24,5,358.04,0.08,1646.984
278,521,277,2,545.77,0.04,1047.8784
279,1727,410,6,602.17,0.03,3504.6294
280,4200,81,2,254.7,0.17,422.802
281,9299,147,9,493.09,0.07,4127.1633
282,5229,195,7,669.1,0.17,3887.471
283,7288,461,3,877.52,0.03,2553.5832
284,9668,66,8,808.69,0.09,5887.2632
285,4998,425,1,870.64,0.09,792.2824
286,5387,64,9,996.92,0.05,8523.666
287,9109,365,7,269.64,0.04,1811.9808
288,1983,480,2,729.29,0.1,1312.722
289,6640,417,8,565.71,0.09,4118.3688
290,4313,32,6,590.12,0.16,2974.2048
291,5760,106,6,296.62,0.09,1619.5452
292,3922,153,4,850.31,0.07,3163.1532
293,8853,444,5,791.32,0.1,3560.94
294,3735,387,9,823.2,0.18,6075.216
295,7741,362,7,997.01,0.03,6769.6979
296,2046,307,1,315.85,0.18,258.997
297,670,7,2,974.98,0.14,1676.9656
298,6124,113,1,217.48,0.13,189.2076
299,1646,189,9,99.75,0.09,816.9525
300,9622,281,1,20.15,0.07,18.7395
301,3442,343,3,241.95,0.15,616.9725
302,920,254,6,319.44,0.12,1686.6432
303,7383,92,6,316.07,0.13,1649.8854
304,5427,204,9,930.63,0.12,7370.5896
305,2113,8,9,319.94,0.01,2850.6654
306,3952,242,4,662.68,0.1,2385.648
307,412,227,1,985.51,0.07,916.5243
308,7420,281,9,301,0.16,2275.56
309,5268,222,2,975.56,0.12,1716.9856
310,3300,447,4,765.02,0.09,2784.6728
311,2859,416,7,814.38,0.2,4560.528
312,9413,228,2,573,0.13,997.02
313,2751,416,9,779.85,0.18,5755.293
314,6315,53,5,613.91,0.18,2517.031
315,754,281,9,489.93,0.15,3747.9645
316,1487,26,9,855.64,0.08,7084.6992
317,9633,8,8,822.53,0.1,5922.216
318,3372,197,3,402,0.03,1169.82
319,5273,491,9,51.06,0.12,404.3952
320,7459,386,3,926.79,0.1,2502.333
321,2207,147,9,784.52,0.04,6778.2528
322,2370,451,2,859.21,0.01,1701.2358
323,7166,204,7,33.46,0.17,194.4026
324,7347,487,2,875.33,0.01,1733.1534
325,9964,224,5,474.2,0.08,2181.32
326,3771,198,2,911.27,0.11,1622.0606
327,7569,247,8,695.21,0.11,4949.8952
328,1092,264,2,431.39,0.11,767.8742
329,8000,187,9,132.48,0.05,1132.704
330,9603,133,2,562.06,0.07,1045.4316
331,844,333,4,711.84,0,2847.36
332,6354,159,7,905.02,0.18,5194.8148
333,9855,397,9,886.46,0.12,7020.7632
334,878,118,3,266.06,0.16,670.4712
335,6101,385,2,84.31,0.14,145.0132
336,6513,46,6,475.04,0.11,2536.7136
337,5686,132,1,283.67,0.1,255.303
338,3632,374,5,324.25,0.09,1475.3375
339,1562,404,8,670.74,0.11,4775.6688
340,5448,349,3,749.14,0.04,2157.5232
341,9304,32,5,736.19,0.08,3386.474
342,2155,97,9,819.05,0.11,6560.5905
343,204,384,1,53.03,0.15,45.0755
344,4677,78,9,965.73,0.16,7300.9188
345,6080,339,1,345.09,0.17,286.4247
346,864,371,4,373.43,0.07,1389.1596
347,3710,387,1,635.73,0.12,559.4424
348,6971,308,8,233.14,0.11,1659.9568
349,8726,267,7,681.06,0.08,4386.0264
350,5063,265,3,269.83,0.07,752.8257
351,8932,185,5,704.78,0,3523.9
352,4407,446,2,819.62,0.04,1573.6704
353,2313,184,5,901.22,0.03,4370.917
354,8566,382,5,414.14,0.06,1946.458
355,2659,51,9,808.98,0.07,6771.1626
356,4316,220,5,470.42,0.06,2210.974
357,1501,2,2,253.42,0.16,425.7456
358,520,77,3,734.23,0.04,2114.5824
359,363,483,6,301.57,0.05,1718.949
360,1477,479,1,179.02,0.1,161.118
361,2013,363,6,129.98,0.06,733.0872
362,3325,462,5,403.74,0.18,1655.334
363,5856,399,2,748.57,0.12,1317.4832
364,8192,325,2,815.76,0.07,1517.3136
365,5264,39,2,836.28,0.09,1522.0296
366,531,34,3,433.72,0.08,1197.0672
367,4148,230,2,47.41,0.18,77.7524
368,2703,171,3,186.59,0.12,492.5976
369,9770,251,9,203.37,0.07,1702.2069
370,1632,66,3,508.76,0.1,1373.652
371,847,429,7,916.7,0.07,5967.717
372,7846,353,3,138.98,0.15,354.399
373,9088,383,6,43.33,0,259.98
374,9549,27,9,10.42,0.1,84.402
375,1620,67,6,901.58,0.05,5139.006
376,1871,190,4,823.91,0.05,3130.858
377,2247,320,5,963.36,0.04,4624.128
378,9655,500,8,703.33,0.1,5063.976
379,2198,386,8,614.57,0.02,4818.2288
380,6194,243,7,131.95,0.1,831.285
381,1364,412,5,579.92,0.12,2551.648
382,3603,118,9,792.9,0.18,5851.602
383,9051,478,1,870.64,0.15,740.044
384,8970,169,4,871.4,0.13,3032.472
385,8242,370,7,310.46,0.16,1825.5048
386,376,87,5,198.06,0.07,920.979
387,23,97,4,156.96,0.11,558.7776
388,2673,436,5,647.62,0.02,3173.338
389,1030,270,1,79.32,0.1,71.388
390,4376,61,4,871.9,0.08,3208.592
391,393,462,1,809.73,0.18,663.9786
392,3518,50,2,16.87,0.06,31.7156
393,9286,13,9,591.63,0.14,4579.2162
394,9690,196,5,636.83,0.14,2738.369
395,6125,370,9,907.05,0.14,7020.567
396,7502,275,9,539.48,0.14,4175.5752
397,8676,216,5,61.2,0.18,250.92
398,4924,292,3,686.59,0.12,1812.5976
399,8423,326,4,356.01,0.17,1181.9532
400,87,268,5,514.46,0.13,2237.901
401,4485,329,6,246.89,0.18,1214.6988
402,1644,13,6,861.85,0.15,4395.435
403,8911,24,8,592.21,0.09,4311.2888
404,4833,174,8,747.75,0.05,5682.9
405,2230,271,8,158.9,0.18,1042.384
406,2470,430,3,569.41,0.03,1656.9831
407,6597,370,4,308.52,0.17,1024.2864
408,2249,94,4,35.28,0.13,122.7744
409,583,96,7,731.3,0.12,4504.808
410,4120,480,5,979.34,0.11,4358.063
411,873,482,4,730.58,0.06,2746.9808
412,2384,35,5,93.21,0.12,410.124
413,8165,402,1,633.7,0.1,570.33
414,3722,467,4,830.45,0.08,3056.056
415,9685,242,7,169.69,0.13,1033.4121
416,7317,207,3,981.07,0.02,2884.3458
417,6898,150,7,627.38,0.12,3864.6608
418,1095,281,5,982.24,0.2,3928.96
419,4008,280,1,633.86,0.01,627.5214
420,4488,390,4,672.01,0.09,2446.1164
421,2296,164,3,761.99,0.09,2080.2327
422,9321,394,4,805.78,0.01,3190.8888
423,5172,268,6,879.63,0.1,4750.002
424,2306,325,4,754.56,0.03,2927.6928
425,5605,404,7,464.85,0.16,2733.318
426,8598,37,8,261.32,0.18,1714.2592
427,1655,496,3,403.17,0.16,1015.9884
428,4982,18,3,920.67,0.19,2237.2281
429,9780,111,2,864.43,0.13,1504.1082
430,6511,488,6,368.68,0.17,1836.0264
431,3774,225,6,429.03,0.1,2316.762
432,4446,297,1,301.3,0.16,253.092
433,6770,268,9,625.82,0.19,4562.2278
434,7874,353,2,366.44,0.08,674.2496
435,2103,197,4,805.44,0.17,2674.0608
436,3853,329,9,481.28,0.09,3941.6832
437,8988,97,7,227.92,0.12,1403.9872
438,2905,448,3,451.3,0.18,1110.198
439,1454,158,2,737.85,0.18,1210.074
440,9071,494,9,459.21,0.15,3512.9565
441,8579,17,2,576.35,0.06,1083.538
442,2435,35,4,914.92,0.02,3586.4864
443,9373,336,2,715.89,0.2,1145.424
444,4520,424,7,996.87,0.11,6210.5001
445,787,403,6,85.8,0.02,504.504
446,6804,316,8,752.88,0.19,4878.6624
447,3220,431,3,735.37,0.09,2007.5601
448,7259,382,7,117.78,0.19,667.8126
449,6700,386,8,966.28,0.07,7189.1232
450,1774,198,1,846.78,0.18,694.3596
451,2043,426,8,516.55,0.17,3429.892
452,9817,117,1,228.24,0.09,207.6984
453,7170,493,6,194.56,0.06,1097.3184
454,7609,444,2,136.37,0.15,231.829
455,9441,239,9,201.56,0.17,1505.6532
456,4243,11,3,925.46,0.01,2748.6162
457,1626,329,4,638.55,0.04,2452.032
458,1472,27,5,133.44,0.09,607.152
459,5550,270,3,922.43,0.04,2656.5984
460,1347,99,7,63.25,0.05,420.6125
461,9307,126,2,414.99,0.1,746.982
462,14,212,7,745.2,0.08,4799.088
463,9364,443,5,823.77,0.19,3336.2685
464,1827,122,9,844.67,0.17,6309.6849
465,8601,352,2,945.73,0.04,1815.8016
466,5508,368,9,275.2,0.19,2006.208
467,4153,392,9,388.66,0.04,3358.0224
468,2562,75,8,637.57,0.12,4488.4928
469,1903,450,5,877.85,0.06,4125.895
470,8597,5,3,604.96,0.06,1705.9872
471,7917,158,1,279.37,0.11,248.6393
472,5721,236,3,804,0.19,1953.72
473,859,489,6,902.97,0.08,4984.3944
474,209,203,4,18.27,0.06,68.6952
475,2191,208,6,15.02,0.05,85.614
476,8110,281,4,954.46,0.06,3588.7696
477,7795,362,9,560.94,0.09,4594.0986
478,1823,281,8,97.39,0.17,646.6696
479,7742,331,6,362.89,0.06,2046.6996
480,546,62,8,571.59,0.05,4344.084
481,8996,321,7,628.97,0.11,3918.4831
482,1128,225,5,171.53,0.12,754.732
483,6477,257,9,841.65,0.09,6893.1135
484,4093,376,4,549.45,0.04,2109.888
485,247,116,4,529.94,0.04,2034.9696
486,8657,175,9,545.5,0.1,4418.55
487,6445,329,4,71.63,0.06,269.3288
488,620,283,4,754.63,0.03,2927.9644
489,1959,294,8,89.76,0.01,710.8992
490,6682,403,6,468.62,0.03,2727.3684
491,9422,296,7,593.17,0.17,3446.3177
492,8549,209,4,219.36,0.03,851.1168
493,2379,140,1,487.34,0,487.34
494,3352,66,4,293.58,0.08,1080.3744
495,885,200,4,712.52,0.19,2308.5648
496,6586,33,2,538.3,0.1,968.94
497,9951,141,8,101.69,0,813.52
498,9650,43,5,603.87,0.14,2596.641
499,6344,149,9,144.9,0.08,1199.772
500,551,211,5,12.72,0.15,54.06
501,8392,418,4,154.8,0.12,544.896
502,9583,286,3,14.25,0.03,41.4675
503,3743,276,1,988.09,0.09,899.1619
504,1444,82,7,637.46,0.11,3971.3758
505,4775,213,9,629.26,0.1,5097.006
506,8469,120,2,933.89,0.16,1568.9352
507,54,420,4,136.26,0.17,452.3832
508,164,263,8,37.36,0.13,260.0256
509,6799,197,9,685.77,0.01,6110.2107
510,2790,265,9,621.66,0.07,5203.2942
511,4518,45,6,905.64,0.07,5053.4712
512,9446,18,2,329.97,0.04,633.5424
513,9522,303,1,556.98,0.09,506.8518
514,9178,114,4,568.98,0.04,2184.8832
515,5360,1,6,264.03,0.15,1346.553
516,5653,484,2,366.44,0.17,608.2904
517,1081,237,6,354.94,0.19,1725.0084
518,8851,334,1,846.01,0,846.01
519,5149,328,6,381.77,0.11,2038.6518
520,2266,309,5,626.89,0.04,3009.072
521,4642,37,2,380.15,0.11,676.667
522,849,20,4,94.03,0.01,372.3588
523,8658,351,9,926.52,0.15,7087.878
524,4662,455,2,87.91,0.06,165.2708
525,7712,186,5,19.97,0.11,88.8665
526,4600,120,3,278.41,0.16,701.5932
527,5662,41,2,284.86,0.09,518.4452
528,9567,422,8,297.36,0.2,1903.104
529,6112,300,9,803.57,0.16,6074.9892
530,5516,377,6,294.03,0.08,1623.0456
531,9999,235,5,634.75,0.14,2729.425
532,8611,399,7,17.38,0.13,105.8442
533,1460,369,3,893.52,0.01,2653.7544
534,4533,383,6,267.35,0.07,1491.813
535,6030,419,7,542.17,0.11,3377.7191
536,6290,81,1,572.63,0.08,526.8196
537,2214,27,4,247.51,0.04,950.4384
538,598,21,7,595.08,0.13,3624.0372
539,9382,296,6,868.24,0.2,4167.552
540,5529,246,2,337.83,0.07,628.3638
541,8638,44,8,934.36,0.19,6054.6528
542,4750,365,7,242.26,0.15,1441.447
543,47,346,2,126.72,0.07,235.6992
544,9705,172,9,356.18,0.08,2949.1704
545,7891,261,6,893.66,0.13,4664.9052
546,1287,353,2,169.76,0.15,288.592
547,2702,380,5,421.7,0.15,1792.225
548,943,433,1,628.04,0.13,546.3948
549,2291,197,2,817.52,0.02,1602.3392
550,904,220,9,906.03,0.17,6768.0441
551,5453,149,1,991.94,0.05,942.343
552,2660,8,4,846.82,0.04,3251.7888
553,1132,322,9,19.41,0.04,167.7024
554,2369,375,4,398.98,0.01,1579.9608
555,6949,165,1,855.71,0.15,727.3535
556,3545,398,5,976.31,0.01,4832.7345
557,8659,418,6,68.93,0.01,409.4442
558,4058,373,1,346.46,0,346.46
559,4851,108,8,654.37,0,5234.96
560,4035,316,1,414.64,0.14,356.5904
561,1136,445,6,165.16,0.1,891.864
562,9671,430,9,900.48,0.13,7050.7584
563,4384,485,3,311.2,0.05,886.92
564,5573,149,5,263.21,0.14,1131.803
565,8533,219,1,575.9,0.06,541.346
566,660,498,1,846.25,0.1,761.625
567,186,249,2,481.88,0.17,799.9208
568,2077,274,6,121.03,0.01,718.9182
569,1432,368,7,453.49,0.17,2634.7769
570,747,317,5,108.01,0.07,502.2465
571,3835,197,1,182.13,0.05,173.0235
572,8725,162,1,441.96,0.17,366.8268
573,7057,338,1,123.28,0.14,106.0208
574,7260,438,3,673.39,0.06,1898.9598
575,2976,99,4,548.42,0.14,1886.5648
576,6316,90,8,349.82,0.18,2294.8192
577,4210,157,9,167.47,0.17,1251.0009
578,9314,425,5,517.89,0.16,2175.138
579,7423,348,4,800.38,0.2,2561.216
580,3094,198,9,751.79,0.03,6563.1267
581,9337,90,6,972.72,0.15,4960.872
582,8403,314,3,505.35,0.06,1425.087
583,3774,210,7,635.19,0.19,3601.5273
584,2864,414,9,251.14,0.02,2215.0548
585,7816,161,2,774.18,0.13,1347.0732
586,2434,447,9,505.06,0.04,4363.7184
587,7452,96,2,477.9,0.2,764.64
588,1924,498,5,305.82,0.1,1376.19
589,641,218,1,325.08,0.11,289.3212
590,9807,214,2,215.43,0.11,383.4654
591,1485,290,7,946.06,0.15,5629.057
592,5855,119,4,245.58,0.19,795.6792
593,3793,119,7,48.2,0.19,273.294
594,1926,49,4,428.36,0.05,1627.768
595,1332,12,1,968.85,0.11,862.2765
596,5453,254,6,40.05,0.11,213.867
597,6334,150,9,265.67,0.02,2343.2094
598,7158,469,6,258.07,0.14,1331.6412
599,2141,152,7,537.18,0.15,3196.221
600,7576,312,7,758.93,0.17,4409.3833
601,1644,153,1,419.95,0.15,356.9575
602,6860,450,2,335.5,0.02,657.58
603,5098,129,1,292.1,0.18,239.522
604,5903,202,1,918.4,0.04,881.664
605,8191,374,8,941.22,0.12,6626.1888
606,3711,162,4,583.93,0.13,2032.0764
607,9988,389,8,881.95,0.03,6843.932
608,9870,273,5,987.82,0.07,4593.363
609,2753,129,1,570.13,0.06,535.9222
610,9596,462,9,304.76,0.14,2358.8424
611,6194,405,3,342.68,0.12,904.6752
612,8431,6,7,616.23,0.08,3968.5212
613,7403,331,7,387.28,0.03,2629.6312
614,319,39,4,514.83,0.15,1750.422
615,8754,443,8,237.42,0.19,1538.4816
616,5213,148,8,993.7,0.12,6995.648
617,3414,340,2,200.05,0.18,328.082
618,6386,213,8,914.88,0.16,6147.9936
619,2660,448,5,870.22,0.19,3524.391
620,1508,118,2,812.29,0.07,1510.8594
621,7090,152,6,937.68,0.13,4894.6896
622,4962,41,8,807.67,0.05,6138.292
623,2021,119,4,359.01,0.15,1220.634
624,155,90,9,177.88,0.2,1280.736
625,8734,323,8,508.76,0.06,3825.8752
626,7379,294,7,15.4,0.01,106.722
627,7893,233,7,949.43,0.19,5383.2681
628,1605,38,8,857.6,0.01,6792.192
629,9877,284,7,822.85,0.07,5356.7535
630,2537,251,1,363.73,0.11,323.7197
631,9472,266,5,123.67,0.16,519.414
632,2900,152,2,714.01,0.04,1370.8992
633,5862,318,5,651.65,0.01,3225.6675
634,5279,104,5,825.04,0.14,3547.672
635,869,180,6,514.35,0.02,3024.378
636,3014,368,6,159.86,0.05,911.202
637,3311,71,6,819.57,0.05,4671.549
638,683,215,7,705.27,0.17,4097.6187
639,1462,215,2,958.37,0.12,1686.7312
640,3830,408,4,98.88,0.09,359.9232
641,146,351,5,590.91,0.01,2925.0045
642,1975,370,7,640.11,0.1,4032.693
643,5628,252,2,999.9,0.14,1719.828
644,1821,50,8,834.13,0.2,5338.432
645,6268,239,2,319.43,0.1,574.974
646,7869,470,5,478.07,0.11,2127.4115
647,6963,219,9,363.93,0.06,3078.8478
648,6476,422,2,918.67,0.16,1543.3656
649,8797,325,2,528.88,0.11,941.4064
650,6333,402,2,902.78,0.08,1661.1152
651,1607,456,7,368.32,0.02,2526.6752
652,4240,355,5,187.96,0.18,770.636
653,1548,496,9,546.1,0.16,4128.516
654,6974,177,4,987.27,0.04,3791.1168
655,2773,17,1,632.19,0.18,518.3958
656,1988,460,8,64.47,0.11,459.0264
657,9578,375,6,43.42,0.15,221.442
658,2897,231,9,435.36,0.13,3408.8688
659,6976,86,3,46.97,0.01,139.5009
660,8175,374,7,113.52,0.05,754.908
661,9138,309,1,755.91,0.08,695.4372
662,9498,390,2,760.68,0.02,1490.9328
663,6583,350,5,192.85,0.07,896.7525
664,8351,194,2,852.6,0.01,1688.148
665,6014,133,8,183.82,0.18,1205.8592
666,1351,386,5,766.6,0.01,3794.67
667,7685,190,9,606.39,0.11,4857.1839
668,7058,99,3,857.92,0.14,2213.4336
669,9847,389,6,755.87,0.06,4263.1068
670,7986,415,4,10.33,0,41.32
671,5876,81,7,70.13,0.11,436.9099
672,7281,191,7,41.85,0.09,266.5845
673,3031,475,5,835.2,0.04,4008.96
674,676,223,5,599.97,0.02,2939.853
675,369,243,4,968.32,0.16,3253.5552
676,6771,330,9,394.6,0.04,3409.344
677,9396,332,7,187.07,0.08,1204.7308
678,3361,118,6,346.64,0.16,1747.0656
679,1472,18,3,277.99,0.18,683.8554
680,5352,115,5,850.07,0.08,3910.322
681,1349,205,4,273.34,0.09,994.9576
682,3017,441,5,142.1,0.14,611.03
683,670,200,2,339.66,0.03,658.9404
684,5728,355,5,799.75,0.17,3318.9625
685,1255,375,7,406.68,0.05,2704.422
686,2009,492,3,619,0.08,1708.44
687,827,318,4,213.42,0.19,691.4808
688,2312,255,1,84.61,0.19,68.5341
689,8642,388,9,241.68,0.09,1979.3592
690,8741,446,3,821.62,0.05,2341.617
691,1635,302,6,691.14,0.03,4022.4348
692,7909,327,1,91.34,0.03,88.5998
693,3670,405,5,222.59,0.1,1001.655
694,9831,316,5,239.23,0.14,1028.689
695,4720,173,5,289,0.07,1343.85
696,4449,364,1,663.34,0.05,630.173
697,1008,79,7,173.43,0,1214.01
698,1011,482,5,126.91,0.06,596.477
699,7665,150,1,517.26,0.13,450.0162
700,2801,193,8,333.74,0.15,2269.432
701,8502,262,6,229.78,0.16,1158.0912
702,7728,321,7,182.35,0.1,1148.805
703,7529,83,4,268.57,0.18,880.9096
704,8348,384,1,48.09,0.16,40.3956
705,9829,411,8,318.95,0.16,2143.344
706,5058,394,1,389.4,0,389.4
707,4462,127,9,233.47,0.01,2080.2177
708,3153,183,6,648.81,0.15,3308.931
709,7808,462,5,860.23,0.06,4043.081
710,7839,162,2,741.45,0.06,1393.926
711,3131,41,8,206.58,0.06,1553.4816
712,9453,160,9,139.36,0.15,1066.104
713,4568,451,3,925.13,0.14,2386.8354
714,5535,51,8,459.87,0.01,3642.1704
715,4470,110,5,865.49,0.16,3635.058
716,3381,80,4,655.2,0.09,2384.928
717,1631,423,9,732.9,0.15,5606.685
718,9338,225,7,202.91,0.19,1150.4997
719,6777,5,4,795.16,0.13,2767.1568
720,36,314,5,409.26,0.14,1759.818
721,725,227,5,376,0.07,1748.4
722,9669,401,2,619.85,0.12,1090.936
723,2507,407,5,284.17,0.14,1221.931
724,3298,474,3,276.99,0.05,789.4215
725,891,174,5,87.67,0.07,407.6655
726,1401,112,1,402.34,0.02,394.2932
727,7920,391,8,614.03,0.15,4175.404
728,9219,105,9,271.41,0.13,2125.1403
729,4102,62,9,895.91,0.08,7418.1348
730,7572,7,8,975.54,0.11,6945.8448
731,2661,15,2,154.02,0.14,264.9144
732,5959,125,2,529.96,0.04,1017.5232
733,3750,414,5,308.74,0.14,1327.582
734,8868,20,6,399.61,0.13,2085.9642
735,8710,451,5,448.99,0.13,1953.1065
736,4480,342,1,456.23,0.07,424.2939
737,7106,368,1,383.7,0.03,372.189
738,6634,310,8,363.48,0.08,2675.2128
739,6695,434,5,86.32,0.02,422.968
740,5395,327,8,394.56,0.03,3061.7856
741,4704,95,3,988.61,0.11,2639.5887
742,8354,433,5,463.87,0.19,1878.6735
743,601,249,2,376.51,0.04,722.8992
744,9752,306,8,763.59,0.11,5436.7608
745,8857,259,1,891.28,0.03,864.5416
746,4958,374,5,665.78,0.11,2962.721
747,6174,107,7,366.56,0.15,2181.032
748,4577,448,5,410,0.16,1722
749,4317,247,3,424.33,0.14,1094.7714
750,7734,46,4,112.27,0.04,431.1168
751,6264,337,9,541.87,0.09,4437.9153
752,9965,371,5,193.56,0.16,812.952
753,6013,406,3,671.4,0.15,1712.07
754,7941,436,7,760.63,0.16,4472.5044
755,6658,37,6,592.01,0.02,3481.0188
756,1391,125,3,285.7,0.15,728.535
757,7248,60,3,822.17,0.09,2244.5241
758,7527,451,4,209.87,0.07,780.7164
759,4287,432,3,226.44,0.03,658.9404
760,9910,414,6,145.48,0.05,829.236
761,1958,216,1,762,0.12,670.56
762,9852,97,1,549.14,0.14,472.2604
763,3089,299,7,118.62,0.11,739.0026
764,5190,138,8,594.99,0.19,3855.5352
765,1828,327,4,859.71,0.04,3301.2864
766,9309,464,7,457.32,0.11,2849.1036
767,2006,352,2,832.2,0.15,1414.74
768,1162,2,9,936.62,0.05,8008.101
769,6591,72,9,273.93,0.01,2440.7163
770,168,463,7,568.68,0.05,3781.722
771,8481,496,5,892.38,0,4461.9
772,1038,323,7,613.64,0.09,3908.8868
773,6199,468,7,441.29,0.01,3058.1397
774,4824,226,3,600.33,0.15,1530.8415
775,7529,239,7,749.44,0.18,4301.7856
776,3974,174,3,281.9,0.06,794.958
777,9377,373,3,151.56,0.12,400.1184
778,9675,169,7,197.73,0.17,1148.8113
779,200,4,7,730.02,0.05,4854.633
780,8527,87,6,120.09,0.14,619.6644
781,3414,392,7,330.21,0.18,1895.4054
782,179,10,5,835.41,0.14,3592.263
783,8642,113,9,886.31,0.14,6860.0394
784,1725,102,1,968.3,0.02,948.934
785,1180,5,5,612.23,0.03,2969.3155
786,4836,74,3,246.55,0.12,650.892
787,868,90,8,668.56,0.04,5134.5408
788,978,113,7,197.18,0.09,1256.0366
789,3641,80,1,248.17,0.17,205.9811
790,8858,121,9,929.45,0.19,6775.6905
791,783,443,5,19.65,0.08,90.39
792,4298,442,1,553.89,0.03,537.2733
793,8039,407,1,67.75,0.18,55.555
794,6733,317,8,230.54,0.09,1678.3312
795,9680,401,3,360.4,0.06,1016.328
796,3551,284,9,117.47,0.2,845.784
797,8001,146,8,44.23,0.18,290.1488
798,7537,308,6,361.96,0.09,1976.3016
799,3451,58,6,516.76,0.01,3069.5544
800,8315,169,5,808.72,0.12,3558.368
801,6198,203,2,344.59,0.14,592.6948
802,5591,226,6,317.85,0,1907.1
803,7374,494,8,21.27,0.07,158.2488
804,6311,79,6,620.8,0.02,3650.304
805,5086,257,7,767.97,0.18,4408.1478
806,960,353,2,13.57,0.01,26.8686
807,5131,73,2,15.62,0.19,25.3044
808,9599,108,3,867.37,0.01,2576.0889
809,4605,145,7,284.77,0.01,1973.4561
810,8756,463,8,530.69,0.09,3863.4232
811,725,260,4,662.38,0.07,2464.0536
812,7222,101,6,648.25,0.01,3850.605
813,8439,302,9,563.69,0.16,4261.4964
814,2629,326,7,208.61,0.01,1445.6673
815,6284,6,4,759.88,0.01,3009.1248
816,8597,339,8,573.18,0.1,4126.896
817,1248,407,8,328.83,0.07,2446.4952
818,2395,94,7,695.41,0.03,4721.8339
819,4959,120,5,159.62,0.02,782.138
820,6518,385,6,373.12,0.19,1813.3632
821,1228,201,3,206.16,0.13,538.0776
822,8825,189,3,366.96,0.04,1056.8448
823,6436,406,4,558.49,0.06,2099.9224
824,6421,193,2,464.14,0.13,807.6036
825,6143,379,6,575.27,0.02,3382.5876
826,8851,313,3,309.91,0.07,864.6489
827,7505,420,2,99.12,0.01,196.2576
828,1124,25,9,123.4,0.12,977.328
829,6301,16,1,369.47,0.17,306.6601
830,9076,410,4,425.46,0.18,1395.5088
831,8889,220,9,723.66,0.13,5666.2578
832,8907,5,5,298.91,0.16,1255.422
833,6291,368,6,713.04,0.15,3636.504
834,3990,150,4,612.47,0,2449.88
835,242,270,6,291.68,0.03,1697.5776
836,4275,457,7,976.01,0.01,6763.7493
837,2228,462,6,274.6,0.06,1548.744
838,7025,80,6,534.68,0.02,3143.9184
839,9532,127,3,842.81,0.1,2275.587
840,9936,478,8,225.02,0.04,1728.1536
841,6353,224,8,77.19,0.03,598.9944
842,7656,326,4,494.2,0.2,1581.44
843,7415,273,8,621.7,0.18,4078.352
844,9653,257,9,134.04,0.04,1158.1056
845,6687,146,5,116.17,0.04,557.616
846,8579,75,3,91.02,0.15,232.101
847,5401,11,7,660.87,0.13,4024.6983
848,1442,92,4,934.7,0.06,3514.472
849,8993,268,8,925.39,0.17,6144.5896
850,607,162,3,810.42,0.02,2382.6348
851,3110,80,1,380.45,0.16,319.578
852,366,202,5,575.62,0.18,2360.042
853,7344,250,6,999.88,0.03,5819.3016
854,4042,245,9,834.95,0.11,6687.9495
855,9177,366,3,95.78,0.01,284.4666
856,1125,254,6,12.14,0.16,61.1856
857,7997,103,8,390.62,0.15,2656.216
858,8683,392,4,36.68,0.09,133.5152
859,3645,218,6,763.73,0.06,4307.4372
860,4225,490,3,612.6,0.04,1764.288
861,2027,298,9,665.65,0.14,5152.131
862,21,234,6,924.6,0.14,4770.936
863,8220,142,2,985.37,0.1,1773.666
864,5019,435,7,329.3,0.03,2235.947
865,7072,393,7,148.19,0.01,1026.9567
866,1454,241,1,36.15,0.01,35.7885
867,5257,83,4,872.29,0.18,2861.1112
868,6462,354,1,296.18,0.02,290.2564
869,4836,367,6,43.39,0.1,234.306
870,5987,422,5,601.08,0.17,2494.482
871,1476,128,3,407.01,0.09,1111.1373
872,936,413,9,872.11,0,7848.99
873,8427,285,9,110.95,0.16,838.782
874,35,28,6,599.34,0.02,3524.1192
875,8531,240,6,791.81,0.1,4275.774
876,3526,241,9,867.36,0.16,6557.2416
877,9695,344,2,80.86,0.11,143.9308
878,5979,92,1,784.9,0.04,753.504
879,7808,106,3,797.66,0.03,2321.1906
880,706,236,8,269.22,0.2,1723.008
881,4848,122,2,308.04,0.05,585.276
882,4345,76,8,921.39,0,7371.12
883,9317,339,6,631.34,0.07,3522.8772
884,5335,262,4,40.16,0.15,136.544
885,7468,258,4,819.91,0.08,3017.2688
886,9792,53,7,971.11,0.03,6593.8369
887,4531,256,7,416.59,0.04,2799.4848
888,239,370,9,754.64,0.14,5840.9136
889,9340,359,4,726.38,0.19,2353.4712
890,4245,287,9,407.74,0.05,3486.177
891,2105,37,4,458.93,0.19,1486.9332
892,3669,184,2,624.65,0.03,1211.821
893,4632,118,7,182.36,0.02,1250.9896
894,2163,477,9,511.55,0.03,4465.8315
895,6475,168,2,342.42,0.08,630.0528
896,4462,140,6,93.37,0.11,498.5958
897,3566,249,6,208.5,0.05,1188.45
898,5369,55,3,506.5,0.02,1489.11
899,2934,225,8,908.58,0.15,6178.344
900,3109,185,5,862.05,0.06,4051.635
901,465,367,4,918.51,0.11,3269.8956
902,5341,173,4,252.02,0.15,856.868
903,2921,25,5,828.54,0.02,4059.846
904,811,170,4,350.04,0.1,1260.144
905,5910,146,6,962.65,0.17,4793.997
906,5979,158,8,267.97,0.07,1993.6968
907,6630,274,2,338.44,0.11,602.4232
908,399,135,7,19.13,0.19,108.4671
909,7701,79,6,923.27,0.15,4708.677
910,1076,286,4,617.67,0.08,2273.0256
911,7599,389,2,319.05,0.03,618.957
912,1863,197,1,152.53,0.05,144.9035
913,886,417,8,649.26,0.11,4622.7312
914,5539,6,8,104.98,0.03,814.6448
915,2567,304,9,153.74,0.07,1286.8038
916,1674,360,5,511.06,0.13,2223.111
917,5260,388,9,140.83,0.19,1026.6507
918,6491,141,4,99.9,0.04,383.616
919,1692,499,4,696.93,0.05,2648.334
920,4154,106,5,466.55,0.14,2006.165
921,658,282,3,59.18,0.02,173.9892
922,3257,433,5,57.53,0.03,279.0205
923,6322,20,5,960.85,0.03,4660.1225
924,4055,160,4,63.63,0.13,221.4324
925,9703,224,5,450,0.09,2047.5
926,5247,114,5,395.4,0.02,1937.46
927,9261,485,9,507.93,0.05,4342.8015
928,6334,108,1,881.63,0.09,802.2833
929,9578,250,7,679.24,0.06,4469.3992
930,2615,449,1,780.54,0.08,718.0968
931,772,473,1,434.37,0.18,356.1834
932,2575,473,3,569.3,0.19,1383.399
933,2197,181,5,77.57,0.2,310.28
934,7934,65,9,81.41,0.01,725.3631
935,6358,131,9,870.88,0.14,6740.6112
936,4716,359,1,511.96,0.19,414.6876
937,1998,405,3,117.87,0.18,289.9602
938,2083,299,1,84.15,0,84.15
939,8964,281,1,920.34,0.16,773.0856
940,6364,500,9,178.88,0.09,1465.0272
941,1164,341,2,437.3,0.17,725.918
942,6942,367,1,784.83,0.14,674.9538
943,6409,451,6,868.51,0.09,4742.0646
944,4883,488,2,865.68,0.06,1627.4784
945,5057,221,5,884.58,0,4422.9
946,3694,419,3,158.83,0.11,424.0761
947,5677,86,5,434,0.08,1996.4
948,773,151,8,663.43,0.07,4935.9192
949,724,269,6,902.21,0.09,4926.0666
950,1219,482,8,434.05,0.1,3125.16
951,706,23,6,624.97,0.12,3299.8416
952,9474,63,4,960.23,0.13,3341.6004
953,4538,99,4,964.55,0.03,3742.454
954,611,83,3,669.84,0.04,1929.1392
955,9924,15,8,508.12,0.09,3699.1136
956,5055,117,9,576.75,0.05,4931.2125
957,9845,463,8,902.21,0.16,6062.8512
958,7976,244,9,696.31,0.1,5640.111
959,9094,282,9,248.78,0.11,1992.7278
960,4047,359,3,202.85,0.11,541.6095
961,8037,451,4,175.47,0.15,596.598
962,7532,337,3,600.76,0.14,1549.9608
963,7315,94,5,639.29,0.14,2748.947
964,8363,61,9,88.62,0.02,781.6284
965,7881,156,3,749.3,0.15,1910.715
966,7123,290,6,555.92,0.16,2801.8368
967,2400,144,4,306.16,0.13,1065.4368
968,4956,427,1,956.86,0.17,794.1938
969,1375,233,8,499.42,0.06,3755.6384
970,1597,139,3,482.63,0.02,1418.9322
971,9188,152,8,447.64,0.06,3366.2528
972,6285,471,5,564.12,0.14,2425.716
973,746,409,8,57.33,0.15,389.844
974,5485,229,1,56.61,0.12,49.8168
975,8935,77,6,467.52,0.03,2720.9664
976,9686,403,3,767.63,0.15,1957.4565
977,3521,493,5,524.2,0,2621
978,3423,290,4,922.7,0.01,3653.892
979,3156,374,9,640.61,0.02,5650.1802
980,2724,322,3,18.41,0.05,52.4685
981,4269,200,7,452.98,0.09,2885.4826
982,6026,133,4,556.44,0.11,1980.9264
983,6062,75,3,26.3,0.1,71.01
984,4241,322,3,115.62,0.15,294.831
985,3523,358,4,998.6,0.03,3874.568
986,1172,182,7,678.81,0.12,4181.4696
987,6270,254,9,678.9,0.09,5560.191
988,6030,480,6,573.99,0.14,2961.7884
989,9857,280,1,897.08,0.19,726.6348
990,2723,76,8,295.61,0.07,2199.3384
991,7634,230,2,854.57,0.05,1623.683
992,8875,336,9,105.73,0.17,789.8031
993,7243,179,3,975.14,0.06,2749.8948
994,1510,152,7,819.38,0.17,4760.5978
995,7936,434,6,12.38,0.01,73.5372
996,2264,361,9,69.06,0.01,615.3246
997,6887,438,3,93.96,0.13,245.2356
998,2285,273,2,686.93,0.06,1291.4284
999,2960,480,3,687.61,0.08,1897.8036
1000,9849,468,4,90.42,0,361.68
