SaleID,CustomerID,StoreID,SaleDate,TotalAmount,DiscountApplied,LoyaltyPointsEarned,Year,Month Name,Quarter,NetAmount
1,150,15,05-04-2020,55.22,0.3,26,2020,April,2,38.654
2,159,6,07-10-2023,783.57,0.02,68,2023,October,4,767.8986
3,279,27,03-01-2023,48.89,0.11,85,2023,January,1,43.5121
4,816,38,27-05-2022,315.22,0.09,67,2022,May,2,286.8502
5,404,4,01-10-2021,577.56,0.12,27,2021,October,4,508.2528
6,893,11,14-10-2023,415.47,0.28,70,2023,October,4,299.1384
7,678,21,02-03-2023,289.45,0.11,44,2023,March,1,257.6105
8,311,30,03-02-2021,282.44,0.28,97,2021,February,1,203.3568
9,68,18,08-03-2023,799.81,0.13,1,2023,March,1,695.8347
10,463,35,02-09-2020,974.24,0.26,8,2020,September,3,720.9376
11,88,3,07-08-2023,354.56,0.16,78,2023,August,3,297.8304
12,217,12,21-04-2020,48.75,0.09,30,2020,April,2,44.3625
13,1,27,08-04-2023,46.2,0.13,35,2023,April,2,40.194
14,135,30,17-06-2023,761.62,0.13,14,2023,June,2,662.6094
15,697,21,22-09-2023,556.85,0.08,96,2023,September,3,512.302
16,351,38,07-03-2023,785.76,0.09,61,2023,March,1,715.0416
17,140,21,13-06-2023,700.52,0.06,30,2023,June,2,658.4888
18,618,38,04-03-2022,908.43,0.1,26,2022,March,1,817.587
19,133,40,23-10-2022,886.97,0.19,1,2022,October,4,718.4457
20,620,15,25-04-2020,790.44,0.12,72,2020,April,2,695.5872
21,178,18,28-02-2023,480.44,0.21,42,2023,February,1,379.5476
22,810,29,22-07-2022,315.05,0.3,0,2022,July,3,220.535
23,358,48,25-11-2023,511.96,0.11,82,2023,November,4,455.6444
24,380,38,09-05-2023,507.05,0.14,8,2023,May,2,436.063
25,908,21,18-10-2020,614.17,0.05,59,2020,October,4,583.4615
26,871,17,07-12-2020,194.24,0.12,1,2020,December,4,170.9312
27,658,41,11-10-2022,659.06,0.22,57,2022,October,4,514.0668
28,450,18,24-05-2023,462.03,0.07,64,2023,May,2,429.6879
29,586,37,07-08-2021,624,0.05,11,2021,August,3,592.8
30,463,38,21-10-2023,247.21,0.11,54,2023,October,4,220.0169
31,990,12,12-12-2023,440.05,0.25,89,2023,December,4,330.0375
32,108,11,27-01-2020,218.1,0.19,9,2020,January,1,176.661
33,122,48,30-03-2021,876.55,0.29,64,2021,March,1,622.3505
34,17,49,06-07-2022,493.08,0.27,64,2022,July,3,359.9484
35,196,20,02-08-2021,232.73,0.05,60,2021,August,3,221.0935
36,327,9,14-01-2020,50.8,0.01,94,2020,January,1,50.292
37,318,1,07-04-2020,678.98,0.12,74,2020,April,2,597.5024
38,809,3,05-10-2020,222.5,0.16,68,2020,October,4,186.9
39,479,21,04-05-2021,989.69,0.15,34,2021,May,2,841.2365
40,252,23,11-09-2022,538.36,0.04,10,2022,September,3,516.8256
41,503,9,18-08-2022,296.09,0.04,67,2022,August,3,284.2464
42,999,19,15-09-2021,661.1,0.01,37,2021,September,3,654.489
43,119,45,25-07-2020,282.47,0.26,38,2020,July,3,209.0278
44,674,46,10-06-2023,822.07,0.28,20,2023,June,2,591.8904
45,710,19,19-08-2021,315.15,0.03,35,2021,August,3,305.6955
46,498,23,25-11-2021,988.37,0.06,91,2021,November,4,929.0678
47,486,27,16-06-2023,609.09,0.03,71,2023,June,2,590.8173
48,45,27,06-09-2020,845.97,0.26,19,2020,September,3,626.0178
49,314,39,09-01-2022,82.09,0.29,42,2022,January,1,58.2839
50,179,36,01-11-2020,354.82,0.08,20,2020,November,4,326.4344
51,894,12,13-06-2023,740.11,0.09,34,2023,June,2,673.5001
52,418,27,07-08-2023,658.51,0.11,63,2023,August,3,586.0739
53,556,46,28-11-2022,202.3,0.15,31,2022,November,4,171.955
54,783,34,24-09-2022,362.64,0.2,35,2022,September,3,290.112
55,78,33,18-12-2021,270.81,0.15,68,2021,December,4,230.1885
56,326,28,01-07-2020,617.24,0.29,51,2020,July,3,438.2404
57,690,31,06-10-2021,351.12,0.03,3,2021,October,4,340.5864
58,357,32,30-01-2020,315.96,0.24,6,2020,January,1,240.1296
59,416,50,12-11-2023,215.3,0.1,97,2023,November,4,193.77
60,963,20,05-02-2022,414.94,0.11,83,2022,February,1,369.2966
61,515,40,12-03-2023,203.55,0.21,70,2023,March,1,160.8045
62,214,35,06-09-2021,962.94,0.28,23,2021,September,3,693.3168
63,854,31,13-12-2023,162.96,0.21,20,2023,December,4,128.7384
64,74,31,01-10-2022,914.17,0.23,56,2022,October,4,703.9109
65,563,38,14-03-2020,434.19,0.23,72,2020,March,1,334.3263
66,579,22,14-12-2022,384.09,0.1,18,2022,December,4,345.681
67,509,45,19-08-2022,239.01,0.23,83,2022,August,3,184.0377
68,332,41,24-01-2020,639.4,0.24,27,2020,January,1,485.944
69,93,9,11-11-2022,688.67,0.16,31,2022,November,4,578.4828
70,688,9,03-03-2021,472.9,0.16,33,2021,March,1,397.236
71,657,15,21-11-2022,65.15,0.23,15,2022,November,4,50.1655
72,519,13,12-05-2022,919.33,0.25,37,2022,May,2,689.4975
73,269,22,04-12-2020,980.53,0.1,80,2020,December,4,882.477
74,376,16,26-05-2021,436.73,0.24,74,2021,May,2,331.9148
75,834,32,29-12-2022,617.52,0.24,3,2022,December,4,469.3152
76,4,2,02-11-2021,455.8,0.07,55,2021,November,4,423.894
77,138,26,16-01-2023,328.66,0.22,39,2023,January,1,256.3548
78,231,14,26-05-2022,86.55,0.06,49,2022,May,2,81.357
79,600,38,24-07-2021,461.51,0.03,39,2021,July,3,447.6647
80,529,34,02-02-2022,820.2,0.17,81,2022,February,1,680.766
81,52,8,27-05-2023,26.86,0.27,48,2023,May,2,19.6078
82,646,36,13-12-2021,586.29,0.01,47,2021,December,4,580.4271
83,723,21,11-08-2021,881.96,0.25,5,2021,August,3,661.47
84,325,46,05-02-2022,225.37,0.15,95,2022,February,1,191.5645
85,992,43,17-07-2023,191.42,0.26,4,2023,July,3,141.6508
86,970,28,29-03-2022,774.55,0.25,78,2022,March,1,580.9125
87,905,46,18-03-2020,262.54,0.26,44,2020,March,1,194.2796
88,731,44,10-01-2020,200.06,0.23,15,2020,January,1,154.0462
89,717,48,21-09-2023,384.21,0.25,16,2023,September,3,288.1575
90,723,6,27-09-2021,398.58,0.05,58,2021,September,3,378.651
91,277,20,24-04-2023,875.36,0.09,55,2023,April,2,796.5776
92,536,31,18-02-2023,622.26,0.07,78,2023,February,1,578.7018
93,486,33,14-08-2021,411.9,0.22,34,2021,August,3,321.282
94,516,44,18-12-2021,539.04,0.05,7,2021,December,4,512.088
95,152,7,18-07-2021,954.43,0.05,98,2021,July,3,906.7085
96,955,8,21-07-2023,122.08,0.26,60,2023,July,3,90.3392
97,483,9,13-02-2021,215.64,0.21,99,2021,February,1,170.3556
98,259,2,23-12-2020,962.9,0.26,26,2020,December,4,712.546
99,324,17,07-04-2020,957.75,0.04,77,2020,April,2,919.44
100,869,45,03-10-2022,185.39,0.12,86,2022,October,4,163.1432
101,168,37,28-08-2020,153.66,0.08,19,2020,August,3,141.3672
102,688,42,10-07-2021,426.87,0,56,2021,July,3,426.87
103,310,44,11-12-2021,59.22,0.09,69,2021,December,4,53.8902
104,803,17,11-02-2023,658.35,0.11,87,2023,February,1,585.9315
105,479,38,18-06-2023,86.72,0.03,22,2023,June,2,84.1184
106,56,35,04-06-2020,67.45,0.17,99,2020,June,2,55.9835
107,620,47,17-12-2020,490.34,0.11,75,2020,December,4,436.4026
108,473,39,13-02-2020,958.21,0.01,1,2020,February,1,948.6279
109,296,30,14-08-2021,432.53,0.21,26,2021,August,3,341.6987
110,461,6,28-08-2023,362.92,0.22,31,2023,August,3,283.0776
111,324,4,17-05-2020,997.98,0.25,92,2020,May,2,748.485
112,814,37,11-03-2021,536.65,0.15,49,2021,March,1,456.1525
113,846,35,23-01-2022,381.49,0.29,63,2022,January,1,270.8579
114,141,9,22-05-2020,392,0.27,39,2020,May,2,286.16
115,667,6,20-10-2022,203.01,0.17,32,2022,October,4,168.4983
116,262,13,15-08-2023,517.1,0.13,28,2023,August,3,449.877
117,785,22,18-09-2020,444.47,0,32,2020,September,3,444.47
118,420,28,26-05-2021,278.09,0.21,99,2021,May,2,219.6911
119,744,30,03-11-2021,168.93,0.17,16,2021,November,4,140.2119
120,241,36,02-03-2020,318.13,0.28,73,2020,March,1,229.0536
121,355,2,17-12-2023,513.6,0.18,64,2023,December,4,421.152
122,849,36,20-11-2023,67.75,0.3,42,2023,November,4,47.425
123,770,8,31-01-2020,162.21,0.26,62,2020,January,1,120.0354
124,761,45,15-09-2023,948.18,0.29,80,2023,September,3,673.2078
125,589,42,06-08-2022,547.43,0.1,91,2022,August,3,492.687
126,180,50,12-03-2022,72.81,0.04,99,2022,March,1,69.8976
127,66,9,07-04-2023,696.16,0.24,57,2023,April,2,529.0816
128,820,1,22-09-2020,71.18,0.24,90,2020,September,3,54.0968
129,348,13,03-11-2020,741.49,0.06,42,2020,November,4,697.0006
130,171,50,03-04-2021,752.46,0.23,36,2021,April,2,579.3942
131,474,15,23-04-2023,654.57,0.17,45,2023,April,2,543.2931
132,534,32,29-11-2020,734.88,0.03,24,2020,November,4,712.8336
133,367,34,29-05-2021,97.09,0.15,97,2021,May,2,82.5265
134,107,43,16-03-2021,729.51,0.28,66,2021,March,1,525.2472
135,439,31,03-11-2021,145.32,0.15,92,2021,November,4,123.522
136,835,14,25-01-2021,346.11,0.24,98,2021,January,1,263.0436
137,227,47,23-07-2022,943.32,0.01,50,2022,July,3,933.8868
138,444,14,13-07-2021,507.85,0.22,73,2021,July,3,396.123
139,442,48,10-09-2020,967.75,0.28,37,2020,September,3,696.78
140,396,29,20-09-2023,98.03,0.15,37,2023,September,3,83.3255
141,728,47,24-11-2023,482.78,0.1,0,2023,November,4,434.502
142,581,19,04-04-2023,71.78,0.19,53,2023,April,2,58.1418
143,84,27,07-07-2023,633.91,0.27,64,2023,July,3,462.7543
144,615,9,24-10-2022,87.92,0.05,95,2022,October,4,83.524
145,551,37,28-04-2020,183.61,0.12,21,2020,April,2,161.5768
146,13,37,22-09-2022,266.24,0.05,60,2022,September,3,252.928
147,809,43,14-04-2021,751.26,0.15,57,2021,April,2,638.571
148,825,28,23-02-2022,172.32,0.16,53,2022,February,1,144.7488
149,693,24,29-12-2022,848.17,0.28,18,2022,December,4,610.6824
150,493,28,24-11-2021,140.58,0.12,98,2021,November,4,123.7104
151,268,36,14-05-2022,44.89,0.17,69,2022,May,2,37.2587
152,525,18,14-02-2022,401.09,0.27,33,2022,February,1,292.7957
153,120,25,25-10-2023,979.65,0.1,78,2023,October,4,881.685
154,970,35,29-06-2020,119.24,0.2,43,2020,June,2,95.392
155,353,4,25-10-2022,110.7,0.23,66,2022,October,4,85.239
156,57,14,05-05-2023,753.65,0.1,51,2023,May,2,678.285
157,40,39,16-02-2020,319.04,0.05,21,2020,February,1,303.088
158,886,26,25-09-2021,720.11,0.15,28,2021,September,3,612.0935
159,336,8,09-03-2023,208.01,0.11,13,2023,March,1,185.1289
160,640,24,21-12-2023,465.47,0.08,93,2023,December,4,428.2324
161,173,16,11-08-2021,272.64,0.29,61,2021,August,3,193.5744
162,547,20,05-11-2020,457.01,0.15,14,2020,November,4,388.4585
163,259,15,30-09-2020,771.41,0.26,92,2020,September,3,570.8434
164,888,7,19-04-2022,764.39,0.06,13,2022,April,2,718.5266
165,517,17,14-11-2023,520.61,0.28,66,2023,November,4,374.8392
166,730,22,03-04-2021,929.09,0.24,21,2021,April,2,706.1084
167,523,22,02-01-2022,271.15,0.24,96,2022,January,1,206.074
168,894,12,26-12-2020,247.91,0.12,86,2020,December,4,218.1608
169,839,18,14-10-2022,617.67,0.15,6,2022,October,4,525.0195
170,117,46,28-12-2022,625.08,0.18,83,2022,December,4,512.5656
171,184,47,23-10-2021,56.07,0.24,6,2021,October,4,42.6132
172,906,15,29-11-2021,611.7,0.25,16,2021,November,4,458.775
173,874,37,25-12-2023,380.69,0.02,31,2023,December,4,373.0762
174,116,16,03-06-2022,749.97,0.27,78,2022,June,2,547.4781
175,162,5,27-01-2022,810.02,0.28,76,2022,January,1,583.2144
176,579,2,21-11-2022,556.63,0.18,55,2022,November,4,456.4366
177,712,28,12-09-2021,11.69,0.06,61,2021,September,3,10.9886
178,543,41,30-06-2020,640,0.25,57,2020,June,2,480
179,587,27,16-11-2021,751.39,0.16,57,2021,November,4,631.1676
180,237,31,11-11-2021,256.49,0.25,2,2021,November,4,192.3675
181,839,41,04-09-2020,470,0.24,88,2020,September,3,357.2
182,66,36,11-09-2021,966.07,0.03,95,2021,September,3,937.0879
183,70,47,13-08-2023,305.13,0.18,79,2023,August,3,250.2066
184,809,43,30-01-2020,230.92,0.14,0,2020,January,1,198.5912
185,447,1,18-08-2023,218.75,0.28,66,2023,August,3,157.5
186,416,50,22-05-2022,563.21,0.09,19,2022,May,2,512.5211
187,532,29,05-08-2022,950.29,0.06,91,2022,August,3,893.2726
188,441,1,07-10-2023,612.6,0.27,85,2023,October,4,447.198
189,738,8,11-09-2022,310.29,0.04,99,2022,September,3,297.8784
190,946,16,12-11-2020,642.18,0.21,61,2020,November,4,507.3222
191,464,28,06-01-2022,628.59,0.09,55,2022,January,1,572.0169
192,921,22,21-11-2023,600.96,0.17,52,2023,November,4,498.7968
193,396,18,17-01-2023,167.83,0.18,64,2023,January,1,137.6206
194,711,22,11-06-2023,638.22,0.13,55,2023,June,2,555.2514
195,551,41,16-06-2020,435.86,0.29,77,2020,June,2,309.4606
196,657,12,12-01-2022,28.41,0.04,44,2022,January,1,27.2736
197,557,19,05-05-2020,544.37,0.12,78,2020,May,2,479.0456
198,395,25,26-07-2021,989.37,0.13,95,2021,July,3,860.7519
199,326,50,29-04-2020,356.24,0.19,17,2020,April,2,288.5544
200,893,5,22-12-2023,965.9,0.12,47,2023,December,4,849.992
201,919,34,05-10-2022,105.24,0.03,37,2022,October,4,102.0828
202,91,39,28-04-2023,735.13,0.28,21,2023,April,2,529.2936
203,750,10,22-12-2023,123.19,0.12,79,2023,December,4,108.4072
204,70,47,13-07-2021,280.84,0.1,74,2021,July,3,252.756
205,166,7,10-05-2023,575.13,0.13,70,2023,May,2,500.3631
206,642,37,18-12-2022,596.85,0.06,72,2022,December,4,561.039
207,214,47,27-11-2021,777.46,0.03,0,2021,November,4,754.1362
208,852,15,10-08-2020,619.16,0.04,41,2020,August,3,594.3936
209,601,42,31-10-2022,597.68,0.05,71,2022,October,4,567.796
210,335,24,03-03-2022,913.23,0.06,74,2022,March,1,858.4362
211,764,26,24-03-2022,457.64,0.13,68,2022,March,1,398.1468
212,369,26,05-11-2020,233.01,0.19,28,2020,November,4,188.7381
213,861,46,08-10-2022,170.17,0.19,5,2022,October,4,137.8377
214,584,26,18-01-2022,405.99,0,55,2022,January,1,405.99
215,677,10,23-11-2022,715.63,0.28,11,2022,November,4,515.2536
216,49,17,15-10-2022,52.12,0.25,38,2022,October,4,39.09
217,52,14,25-09-2023,137.76,0.29,70,2023,September,3,97.8096
218,289,2,25-04-2021,115.05,0.11,11,2021,April,2,102.3945
219,790,48,27-07-2021,589.4,0.2,32,2021,July,3,471.52
220,626,13,04-04-2022,250.44,0.05,82,2022,April,2,237.918
221,239,27,21-01-2023,174.6,0.25,52,2023,January,1,130.95
222,133,9,19-09-2021,596.84,0.05,99,2021,September,3,566.998
223,999,7,02-03-2023,763.7,0.1,18,2023,March,1,687.33
224,786,48,23-04-2022,338.83,0.15,57,2022,April,2,288.0055
225,166,10,15-09-2022,582.42,0.18,84,2022,September,3,477.5844
226,374,9,22-02-2021,107.14,0.17,82,2021,February,1,88.9262
227,373,22,30-01-2020,935.84,0.03,42,2020,January,1,907.7648
228,805,23,24-10-2020,343.53,0.13,72,2020,October,4,298.8711
229,478,7,20-12-2022,997.53,0.28,44,2022,December,4,718.2216
230,755,48,02-04-2021,978.8,0.26,85,2021,April,2,724.312
231,479,9,30-10-2020,781.04,0.18,18,2020,October,4,640.4528
232,832,27,15-08-2022,29.87,0.17,36,2022,August,3,24.7921
233,650,24,05-12-2020,548.04,0.03,10,2020,December,4,531.5988
234,591,29,23-03-2021,95.97,0.06,55,2021,March,1,90.2118
235,682,17,18-08-2023,896.19,0.08,24,2023,August,3,824.4948
236,635,20,30-05-2022,791.74,0.15,98,2022,May,2,672.979
237,688,7,23-06-2021,972.62,0.22,68,2021,June,2,758.6436
238,300,43,29-04-2021,612.3,0.14,44,2021,April,2,526.578
239,82,40,17-03-2020,526.95,0.04,61,2020,March,1,505.872
240,87,7,29-05-2021,523.78,0.13,94,2021,May,2,455.6886
241,225,28,01-08-2022,392.58,0.05,13,2022,August,3,372.951
242,16,19,20-10-2021,474,0.23,76,2021,October,4,364.98
243,822,20,01-04-2020,639.06,0.05,33,2020,April,2,607.107
244,358,44,10-04-2021,933.62,0.14,97,2021,April,2,802.9132
245,163,39,10-04-2021,599.93,0.21,81,2021,April,2,473.9447
246,610,40,29-11-2022,858.54,0.07,59,2022,November,4,798.4422
247,668,7,20-11-2021,864.15,0.02,63,2021,November,4,846.867
248,514,6,14-09-2023,523.64,0.17,69,2023,September,3,434.6212
249,350,25,01-08-2023,353.99,0.02,50,2023,August,3,346.9102
250,909,41,04-08-2022,643.18,0.18,41,2022,August,3,527.4076
251,681,13,07-07-2021,451.42,0.23,20,2021,July,3,347.5934
252,464,39,25-12-2022,90.63,0.1,4,2022,December,4,81.567
253,827,40,18-04-2020,384.03,0.15,65,2020,April,2,326.4255
254,837,22,09-12-2023,994.13,0.28,69,2023,December,4,715.7736
255,375,49,01-04-2020,58.03,0.14,60,2020,April,2,49.9058
256,92,17,29-09-2022,699.7,0.3,7,2022,September,3,489.79
257,181,48,02-01-2021,842.78,0.05,65,2021,January,1,800.641
258,743,22,30-03-2022,652.24,0.21,86,2022,March,1,515.2696
259,301,34,26-02-2021,574.05,0.2,61,2021,February,1,459.24
260,660,8,25-07-2021,710.48,0.26,19,2021,July,3,525.7552
261,792,49,11-05-2022,435.05,0.03,3,2022,May,2,421.9985
262,189,45,17-06-2023,100.45,0.08,14,2023,June,2,92.414
263,859,18,10-03-2021,962.75,0.04,93,2021,March,1,924.24
264,862,24,30-07-2020,437.98,0.28,55,2020,July,3,315.3456
265,314,42,24-11-2023,668.74,0.13,19,2023,November,4,581.8038
266,493,2,09-06-2021,536,0.27,23,2021,June,2,391.28
267,923,2,12-04-2021,64.13,0.09,8,2021,April,2,58.3583
268,922,27,08-04-2023,953.22,0.04,20,2023,April,2,915.0912
269,128,14,02-03-2022,794.61,0.09,40,2022,March,1,723.0951
270,519,48,24-05-2022,157.61,0.18,12,2022,May,2,129.2402
271,426,39,28-07-2020,981.83,0.25,4,2020,July,3,736.3725
272,559,12,12-09-2020,739.53,0.12,63,2020,September,3,650.7864
273,565,32,13-03-2020,477.6,0.27,45,2020,March,1,348.648
274,187,28,26-05-2020,615.26,0.07,77,2020,May,2,572.1918
275,550,28,25-09-2023,115.67,0.21,70,2023,September,3,91.3793
276,453,46,12-11-2020,564.81,0.22,69,2020,November,4,440.5518
277,471,25,28-08-2021,82.92,0.08,58,2021,August,3,76.2864
278,988,4,28-07-2021,549.41,0.01,75,2021,July,3,543.9159
279,738,26,23-03-2023,557.17,0.11,50,2023,March,1,495.8813
280,565,36,02-07-2023,875.69,0.01,15,2023,July,3,866.9331
281,911,50,06-10-2023,727.81,0.27,50,2023,October,4,531.3013
282,224,3,30-06-2021,257.06,0.29,95,2021,June,2,182.5126
283,154,1,14-04-2022,889.54,0.22,41,2022,April,2,693.8412
284,560,17,07-11-2020,577.51,0.22,10,2020,November,4,450.4578
285,351,7,18-03-2022,610.32,0.07,67,2022,March,1,567.5976
286,147,48,03-02-2022,177.29,0.02,92,2022,February,1,173.7442
287,905,5,13-05-2020,859.2,0.24,51,2020,May,2,652.992
288,576,19,05-08-2022,931.66,0.17,97,2022,August,3,773.2778
289,349,39,26-02-2023,777.24,0.2,72,2023,February,1,621.792
290,182,46,11-03-2021,941.34,0.23,9,2021,March,1,724.8318
291,637,34,27-07-2023,309.28,0.12,71,2023,July,3,272.1664
292,179,35,23-12-2020,862.51,0.04,62,2020,December,4,828.0096
293,39,49,18-07-2022,494,0.24,35,2022,July,3,375.44
294,772,16,01-06-2022,172.28,0.14,95,2022,June,2,148.1608
295,894,40,08-09-2020,672.11,0.25,44,2020,September,3,504.0825
296,3,50,14-05-2020,687.28,0.13,5,2020,May,2,597.9336
297,64,47,06-06-2021,294.06,0.07,5,2021,June,2,273.4758
298,29,39,14-03-2022,37.22,0.05,90,2022,March,1,35.359
299,372,27,21-10-2021,207.85,0.22,65,2021,October,4,162.123
300,523,41,14-11-2020,405.78,0.17,72,2020,November,4,336.7974
301,97,38,20-03-2020,175.89,0.12,63,2020,March,1,154.7832
302,870,50,29-04-2023,202.09,0.15,37,2023,April,2,171.7765
303,442,50,29-09-2023,397.48,0.16,68,2023,September,3,333.8832
304,203,25,19-11-2022,962.17,0.07,97,2022,November,4,894.8181
305,411,26,17-02-2021,766.6,0.11,60,2021,February,1,682.274
306,993,14,02-01-2021,326.55,0.09,77,2021,January,1,297.1605
307,21,14,03-10-2022,952.09,0.12,73,2022,October,4,837.8392
308,551,14,19-09-2022,649.19,0.15,62,2022,September,3,551.8115
309,735,25,18-08-2021,460.9,0.05,70,2021,August,3,437.855
310,102,36,14-10-2022,473.62,0.12,19,2022,October,4,416.7856
311,46,4,01-12-2021,416.64,0.12,74,2021,December,4,366.6432
312,66,47,10-11-2022,240.66,0.09,76,2022,November,4,219.0006
313,603,15,02-07-2021,392.77,0.3,63,2021,July,3,274.939
314,164,32,02-09-2020,532.62,0.02,80,2020,September,3,521.9676
315,971,18,09-10-2020,532.75,0.19,36,2020,October,4,431.5275
316,111,14,05-09-2021,764.12,0.05,35,2021,September,3,725.914
317,338,1,19-07-2022,365.21,0.25,96,2022,July,3,273.9075
318,123,42,16-03-2022,719.63,0.27,9,2022,March,1,525.3299
319,705,20,19-08-2020,582.31,0.12,33,2020,August,3,512.4328
320,447,10,11-11-2020,962.23,0.25,44,2020,November,4,721.6725
321,611,10,17-04-2022,391.43,0.07,62,2022,April,2,364.0299
322,291,24,21-09-2023,902.2,0.04,12,2023,September,3,866.112
323,671,34,14-02-2021,822.44,0.09,24,2021,February,1,748.4204
324,412,28,01-09-2020,641.29,0.1,43,2020,September,3,577.161
325,615,27,21-01-2021,657.97,0.12,96,2021,January,1,579.0136
326,897,40,19-11-2021,93.8,0.11,73,2021,November,4,83.482
327,281,1,23-12-2020,950.72,0.12,23,2020,December,4,836.6336
328,43,33,18-10-2022,115.87,0.21,68,2022,October,4,91.5373
329,486,4,05-09-2021,567.6,0.07,73,2021,September,3,527.868
330,596,7,08-03-2022,336.77,0.01,46,2022,March,1,333.4023
331,963,9,22-01-2020,435.55,0.15,90,2020,January,1,370.2175
332,703,16,19-01-2020,614.08,0.13,49,2020,January,1,534.2496
333,51,5,03-08-2023,909.76,0.02,35,2023,August,3,891.5648
334,898,34,02-10-2020,462.99,0.04,32,2020,October,4,444.4704
335,210,23,20-10-2021,987.85,0.15,91,2021,October,4,839.6725
336,126,43,16-06-2022,596.88,0.07,2,2022,June,2,555.0984
337,492,50,05-07-2021,168.95,0.26,30,2021,July,3,125.023
338,509,25,09-11-2021,198.11,0.05,59,2021,November,4,188.2045
339,960,13,25-08-2021,718.95,0.01,28,2021,August,3,711.7605
340,970,24,31-12-2022,59.89,0.13,43,2022,December,4,52.1043
341,581,11,30-12-2020,485.54,0.3,44,2020,December,4,339.878
342,777,17,05-03-2022,156.74,0.19,41,2022,March,1,126.9594
343,258,37,20-09-2023,438.89,0.11,20,2023,September,3,390.6121
344,930,13,13-10-2021,752.42,0.01,31,2021,October,4,744.8958
345,188,27,12-08-2021,464.22,0.15,27,2021,August,3,394.587
346,230,20,17-07-2020,171.82,0.06,84,2020,July,3,161.5108
347,189,33,17-01-2020,259.41,0.19,46,2020,January,1,210.1221
348,415,42,05-08-2020,373.86,0.17,98,2020,August,3,310.3038
349,10,32,10-01-2022,78.87,0.08,93,2022,January,1,72.5604
350,114,8,11-10-2021,588.49,0.02,46,2021,October,4,576.7202
351,76,29,26-05-2020,611.46,0.23,16,2020,May,2,470.8242
352,676,40,18-05-2023,71.53,0.18,28,2023,May,2,58.6546
353,502,19,31-10-2021,408.29,0.25,47,2021,October,4,306.2175
354,85,6,08-12-2023,419.86,0.08,1,2023,December,4,386.2712
355,49,44,26-10-2021,340.48,0.2,32,2021,October,4,272.384
356,495,39,05-05-2022,562.16,0.04,62,2022,May,2,539.6736
357,838,48,25-11-2020,352.5,0.09,67,2020,November,4,320.775
358,689,41,13-06-2022,422.25,0.2,38,2022,June,2,337.8
359,387,21,07-10-2023,799.55,0.25,88,2023,October,4,599.6625
360,970,22,01-04-2023,170.49,0.1,4,2023,April,2,153.441
361,389,42,10-04-2020,622.92,0.24,67,2020,April,2,473.4192
362,218,10,22-11-2020,510.54,0.2,51,2020,November,4,408.432
363,701,10,22-11-2020,312.02,0.1,51,2020,November,4,280.818
364,981,29,24-03-2023,730.26,0.26,28,2023,March,1,540.3924
365,346,16,10-01-2020,555.68,0.15,36,2020,January,1,472.328
366,230,1,18-12-2020,482.59,0.19,7,2020,December,4,390.8979
367,255,17,01-07-2020,670.99,0.15,19,2020,July,3,570.3415
368,236,30,30-03-2021,804.27,0.14,40,2021,March,1,691.6722
369,26,26,06-01-2020,972.94,0.25,69,2020,January,1,729.705
370,584,46,18-09-2023,633.06,0.09,35,2023,September,3,576.0846
371,261,19,18-09-2023,875.7,0.01,31,2023,September,3,866.943
372,766,21,05-07-2023,11.08,0.26,4,2023,July,3,8.1992
373,271,17,29-07-2020,534.93,0.25,19,2020,July,3,401.1975
374,123,46,20-02-2020,222.5,0.11,67,2020,February,1,198.025
375,656,40,06-10-2022,103.25,0.06,21,2022,October,4,97.055
376,257,21,11-01-2021,536.65,0.2,96,2021,January,1,429.32
377,656,41,01-10-2021,749.36,0.02,30,2021,October,4,734.3728
378,421,40,08-02-2022,418.15,0.13,40,2022,February,1,363.7905
379,259,45,10-12-2022,673.41,0.03,92,2022,December,4,653.2077
380,948,49,02-06-2020,494.82,0.18,4,2020,June,2,405.7524
381,47,19,04-08-2021,442.72,0.01,9,2021,August,3,438.2928
382,863,7,26-02-2022,297.35,0.19,74,2022,February,1,240.8535
383,525,17,01-03-2022,388.77,0.2,36,2022,March,1,311.016
384,888,1,26-08-2023,356.3,0.15,55,2023,August,3,302.855
385,208,37,23-11-2023,649.73,0.05,85,2023,November,4,617.2435
386,311,6,13-05-2020,124.86,0.03,23,2020,May,2,121.1142
387,747,26,07-08-2020,101.71,0.09,84,2020,August,3,92.5561
388,149,2,11-06-2020,663.41,0.14,99,2020,June,2,570.5326
389,834,32,28-08-2022,550.84,0.19,15,2022,August,3,446.1804
390,438,48,09-10-2021,435.9,0,1,2021,October,4,435.9
391,155,5,22-07-2021,160.92,0.21,14,2021,July,3,127.1268
392,678,37,03-08-2022,416.92,0.21,40,2022,August,3,329.3668
393,90,31,19-11-2021,791.83,0.13,62,2021,November,4,688.8921
394,698,12,24-04-2020,890.73,0.1,48,2020,April,2,801.657
395,830,35,18-03-2023,705.55,0.25,25,2023,March,1,529.1625
396,358,30,18-06-2023,69.31,0.24,93,2023,June,2,52.6756
397,174,48,02-05-2020,673.71,0.29,65,2020,May,2,478.3341
398,217,6,14-03-2022,248.58,0.11,28,2022,March,1,221.2362
399,907,15,18-04-2022,322.1,0.27,69,2022,April,2,235.133
400,456,15,28-12-2022,203.91,0.03,59,2022,December,4,197.7927
401,776,16,05-04-2022,778,0.12,64,2022,April,2,684.64
402,609,20,03-03-2020,652.12,0.14,39,2020,March,1,560.8232
403,629,13,02-01-2022,615.72,0.13,10,2022,January,1,535.6764
404,199,44,05-11-2022,671.29,0.19,51,2022,November,4,543.7449
405,832,42,14-11-2023,244.4,0.05,86,2023,November,4,232.18
406,486,46,12-08-2021,450.2,0.26,89,2021,August,3,333.148
407,533,31,05-08-2022,636.92,0.17,94,2022,August,3,528.6436
408,200,34,05-07-2023,640.23,0.27,78,2023,July,3,467.3679
409,371,29,04-08-2020,793.93,0,72,2020,August,3,793.93
410,959,3,23-04-2021,294.23,0.19,63,2021,April,2,238.3263
411,853,9,11-02-2023,772.63,0.12,97,2023,February,1,679.9144
412,448,11,04-11-2023,445.78,0.15,80,2023,November,4,378.913
413,248,11,03-09-2022,673.47,0.22,98,2022,September,3,525.3066
414,788,25,24-08-2020,461.16,0.07,99,2020,August,3,428.8788
415,264,22,20-04-2021,949.12,0.06,2,2021,April,2,892.1728
416,58,42,20-08-2021,187.51,0.21,10,2021,August,3,148.1329
417,302,46,08-05-2020,678.26,0.16,27,2020,May,2,569.7384
418,31,9,24-05-2021,580.77,0.07,61,2021,May,2,540.1161
419,498,20,13-06-2020,181,0.15,47,2020,June,2,153.85
420,249,21,03-10-2020,75.35,0.14,27,2020,October,4,64.801
421,605,10,13-09-2020,801.15,0.21,45,2020,September,3,632.9085
422,777,22,01-03-2023,165.88,0,63,2023,March,1,165.88
423,271,29,18-09-2022,194.64,0.18,54,2022,September,3,159.6048
424,606,9,23-07-2021,978.65,0.18,82,2021,July,3,802.493
425,666,5,04-07-2023,720.09,0.22,1,2023,July,3,561.6702
426,394,40,20-05-2020,257.98,0.27,95,2020,May,2,188.3254
427,797,11,16-11-2021,595.04,0.13,74,2021,November,4,517.6848
428,502,1,17-11-2021,538.77,0.1,15,2021,November,4,484.893
429,592,42,17-05-2023,846.03,0.03,10,2023,May,2,820.6491
430,804,1,16-12-2021,732.03,0.1,2,2021,December,4,658.827
431,84,39,19-10-2022,833.4,0.02,54,2022,October,4,816.732
432,365,46,10-12-2022,219.39,0.24,41,2022,December,4,166.7364
433,886,5,06-07-2023,643.82,0.24,28,2023,July,3,489.3032
434,549,49,26-06-2020,49.84,0.13,68,2020,June,2,43.3608
435,342,22,10-07-2022,78.25,0.08,91,2022,July,3,71.99
436,839,26,26-06-2021,716.39,0.04,30,2021,June,2,687.7344
437,407,6,11-10-2023,34.18,0.26,76,2023,October,4,25.2932
438,425,32,03-09-2023,583.97,0.26,24,2023,September,3,432.1378
439,744,48,20-08-2022,842,0.08,5,2022,August,3,774.64
440,93,11,29-12-2020,386.14,0.19,59,2020,December,4,312.7734
441,848,10,14-12-2022,54.39,0.08,66,2022,December,4,50.0388
442,614,47,25-03-2023,716.71,0.07,21,2023,March,1,666.5403
443,412,39,03-12-2022,930.39,0.01,40,2022,December,4,921.0861
444,432,34,15-08-2021,720,0.17,52,2021,August,3,597.6
445,678,31,25-06-2021,582.66,0.04,59,2021,June,2,559.3536
446,159,12,17-11-2020,237.73,0,38,2020,November,4,237.73
447,14,44,09-10-2021,25.22,0.03,54,2021,October,4,24.4634
448,373,16,14-01-2020,697.73,0.09,95,2020,January,1,634.9343
449,225,38,12-10-2023,238.72,0.2,29,2023,October,4,190.976
450,505,3,09-09-2021,859.58,0.06,70,2021,September,3,808.0052
451,73,2,24-12-2020,471.7,0.27,88,2020,December,4,344.341
452,249,5,03-09-2023,535.33,0.09,1,2023,September,3,487.1503
453,511,11,03-01-2023,756.4,0.1,7,2023,January,1,680.76
454,603,25,12-07-2020,781.64,0.07,62,2020,July,3,726.9252
455,216,35,28-12-2020,646.22,0.08,58,2020,December,4,594.5224
456,973,35,24-01-2023,939.05,0.02,96,2023,January,1,920.269
457,602,22,29-11-2022,982.48,0.09,27,2022,November,4,894.0568
458,541,37,06-02-2022,947.42,0.26,73,2022,February,1,701.0908
459,947,22,31-01-2021,825.94,0.21,37,2021,January,1,652.4926
460,817,11,16-04-2020,708.57,0.26,17,2020,April,2,524.3418
461,939,32,06-11-2022,666.69,0.03,61,2022,November,4,646.6893
462,988,35,10-06-2021,112.71,0.14,76,2021,June,2,96.9306
463,220,31,07-10-2022,278.77,0.07,84,2022,October,4,259.2561
464,840,45,22-02-2022,15.63,0.22,96,2022,February,1,12.1914
465,727,8,08-06-2021,146.04,0.29,22,2021,June,2,103.6884
466,221,20,02-12-2022,444.84,0.24,64,2022,December,4,338.0784
467,389,42,17-09-2021,155.07,0.01,39,2021,September,3,153.5193
468,554,34,15-12-2020,902.65,0.09,59,2020,December,4,821.4115
469,647,4,19-11-2022,807.64,0.01,84,2022,November,4,799.5636
470,42,18,02-10-2022,80.9,0.01,4,2022,October,4,80.091
471,676,4,25-06-2021,256.42,0.02,98,2021,June,2,251.2916
472,873,20,19-08-2022,820.88,0.08,17,2022,August,3,755.2096
473,283,9,03-04-2020,805.02,0.09,37,2020,April,2,732.5682
474,58,16,11-08-2023,946,0.12,99,2023,August,3,832.48
475,814,26,17-06-2022,997.57,0.12,28,2022,June,2,877.8616
476,834,38,29-03-2020,976.51,0.23,25,2020,March,1,751.9127
477,537,25,17-05-2021,416.04,0.04,59,2021,May,2,399.3984
478,73,4,05-02-2022,257.83,0.05,35,2022,February,1,244.9385
479,885,41,01-08-2020,760.83,0.19,81,2020,August,3,616.2723
480,923,45,16-12-2023,306.28,0.17,28,2023,December,4,254.2124
481,129,41,09-06-2021,808.34,0.05,30,2021,June,2,767.923
482,599,38,10-07-2020,538.62,0.26,62,2020,July,3,398.5788
483,842,19,24-11-2021,795.99,0.1,12,2021,November,4,716.391
484,426,14,03-10-2021,283.12,0.11,93,2021,October,4,251.9768
485,948,21,01-06-2023,512.95,0.13,70,2023,June,2,446.2665
486,665,15,08-07-2021,568.38,0.1,39,2021,July,3,511.542
487,694,3,21-01-2021,943.68,0.17,69,2021,January,1,783.2544
488,125,37,11-11-2021,273.93,0.12,1,2021,November,4,241.0584
489,67,50,14-02-2022,937.32,0.08,7,2022,February,1,862.3344
490,6,46,21-07-2020,806.81,0.27,73,2020,July,3,588.9713
491,637,16,06-10-2022,733.59,0.09,42,2022,October,4,667.5669
492,314,14,22-03-2021,789,0.21,48,2021,March,1,623.31
493,326,9,18-06-2022,609.37,0.1,21,2022,June,2,548.433
494,565,47,27-12-2022,251.64,0.13,73,2022,December,4,218.9268
495,578,7,20-01-2023,197.6,0.07,34,2023,January,1,183.768
496,826,14,16-02-2022,867.68,0.23,18,2022,February,1,668.1136
497,506,6,26-06-2020,727.89,0.22,3,2020,June,2,567.7542
498,82,21,08-04-2022,221.07,0.01,18,2022,April,2,218.8593
499,599,15,12-07-2021,618.94,0.02,19,2021,July,3,606.5612
500,2,8,23-10-2022,453.07,0.28,3,2022,October,4,326.2104
501,204,34,12-04-2020,167.07,0.27,48,2020,April,2,121.9611
502,662,40,20-07-2023,536.54,0.15,25,2023,July,3,456.059
503,805,1,25-04-2020,288.7,0.15,2,2020,April,2,245.395
504,404,32,08-05-2022,105.28,0.24,51,2022,May,2,80.0128
505,103,49,08-04-2021,472.29,0.04,93,2021,April,2,453.3984
506,536,5,13-04-2020,594.21,0.2,35,2020,April,2,475.368
507,368,30,15-09-2020,56.44,0.14,40,2020,September,3,48.5384
508,212,22,24-08-2023,408.07,0.22,69,2023,August,3,318.2946
509,577,20,22-10-2023,265.09,0.01,50,2023,October,4,262.4391
510,961,16,17-07-2022,40.34,0.18,90,2022,July,3,33.0788
511,209,7,20-03-2022,134.41,0.17,15,2022,March,1,111.5603
512,763,7,03-10-2021,147.64,0.25,46,2021,October,4,110.73
513,897,50,17-03-2022,191.05,0.2,79,2022,March,1,152.84
514,117,50,19-10-2022,805.34,0.26,45,2022,October,4,595.9516
515,628,2,18-08-2023,445.1,0.27,99,2023,August,3,324.923
516,749,47,13-07-2021,155.62,0.12,54,2021,July,3,136.9456
517,478,14,27-01-2020,109.29,0.04,97,2020,January,1,104.9184
518,105,31,22-05-2021,304.96,0.19,87,2021,May,2,247.0176
519,495,50,10-06-2021,800.04,0.26,38,2021,June,2,592.0296
520,771,41,13-02-2022,370.82,0.02,5,2022,February,1,363.4036
521,46,14,20-10-2023,168.3,0.17,83,2023,October,4,139.689
522,823,5,10-08-2022,410.08,0.03,60,2022,August,3,397.7776
523,331,11,24-10-2020,559.76,0.01,8,2020,October,4,554.1624
524,216,40,15-02-2022,39.29,0.2,84,2022,February,1,31.432
525,982,5,26-12-2020,631.37,0.2,10,2020,December,4,505.096
526,960,29,18-05-2021,401.15,0.18,93,2021,May,2,328.943
527,492,11,10-08-2021,19.63,0.26,64,2021,August,3,14.5262
528,813,5,30-01-2020,677.15,0.02,90,2020,January,1,663.607
529,922,49,25-09-2023,715.26,0.03,58,2023,September,3,693.8022
530,845,32,05-05-2020,632.55,0.26,69,2020,May,2,468.087
531,449,36,18-08-2021,348.51,0.15,6,2021,August,3,296.2335
532,536,15,21-10-2023,534.31,0.08,60,2023,October,4,491.5652
533,511,19,19-09-2020,393.29,0.22,56,2020,September,3,306.7662
534,458,22,24-07-2022,703.62,0.27,85,2022,July,3,513.6426
535,547,34,21-05-2022,587.74,0.21,33,2022,May,2,464.3146
536,536,17,30-05-2023,90.98,0.24,83,2023,May,2,69.1448
537,540,12,02-01-2020,646.66,0.08,44,2020,January,1,594.9272
538,484,25,28-01-2021,690.37,0.09,44,2021,January,1,628.2367
539,976,17,01-11-2020,377,0.26,14,2020,November,4,278.98
540,1000,10,15-03-2023,877.03,0.18,8,2023,March,1,719.1646
541,16,28,13-06-2021,844.58,0.07,81,2021,June,2,785.4594
542,571,18,11-06-2021,183.41,0.16,45,2021,June,2,154.0644
543,977,18,24-08-2023,905.22,0.21,45,2023,August,3,715.1238
544,243,45,22-08-2022,446.46,0.07,35,2022,August,3,415.2078
545,950,32,01-11-2021,726.51,0.2,45,2021,November,4,581.208
546,207,14,25-09-2023,815.96,0.01,41,2023,September,3,807.8004
547,912,16,17-12-2020,510.06,0.09,29,2020,December,4,464.1546
548,271,50,20-03-2022,405.11,0.2,10,2022,March,1,324.088
549,761,18,27-07-2020,916.3,0.04,32,2020,July,3,879.648
550,994,16,15-08-2022,238.55,0.07,39,2022,August,3,221.8515
551,779,17,23-07-2020,264.4,0.26,69,2020,July,3,195.656
552,705,7,16-09-2021,368,0.2,42,2021,September,3,294.4
553,847,12,21-12-2021,860.87,0.15,38,2021,December,4,731.7395
554,730,34,27-09-2021,939.4,0.06,85,2021,September,3,883.036
555,115,10,04-11-2022,227.87,0.1,38,2022,November,4,205.083
556,580,5,07-05-2022,865.23,0.17,52,2022,May,2,718.1409
557,299,21,22-12-2023,265.62,0.05,82,2023,December,4,252.339
558,837,3,20-04-2021,970.93,0.14,85,2021,April,2,834.9998
559,483,19,24-10-2020,601.43,0.12,30,2020,October,4,529.2584
560,397,45,10-07-2021,17.02,0.14,62,2021,July,3,14.6372
561,394,44,22-01-2023,43.79,0.03,24,2023,January,1,42.4763
562,75,35,16-04-2020,156.01,0.03,40,2020,April,2,151.3297
563,978,6,13-12-2023,195.7,0.29,49,2023,December,4,138.947
564,482,14,25-07-2023,769.94,0.29,58,2023,July,3,546.6574
565,103,4,07-05-2020,230.54,0.13,48,2020,May,2,200.5698
566,297,45,03-04-2021,969.45,0.24,29,2021,April,2,736.782
567,178,18,07-02-2020,639.75,0.2,44,2020,February,1,511.8
568,215,29,16-07-2020,695.59,0.04,67,2020,July,3,667.7664
569,967,35,22-12-2020,225.64,0.09,52,2020,December,4,205.3324
570,315,38,07-01-2020,893.78,0.09,25,2020,January,1,813.3398
571,39,16,17-09-2023,671.14,0.18,70,2023,September,3,550.3348
572,259,20,02-06-2021,865.76,0.17,39,2021,June,2,718.5808
573,716,24,12-07-2020,956.92,0.28,11,2020,July,3,688.9824
574,7,35,11-11-2020,134.38,0.24,0,2020,November,4,102.1288
575,49,44,21-10-2022,105.62,0.26,69,2022,October,4,78.1588
576,538,19,21-12-2022,805.37,0.27,0,2022,December,4,587.9201
577,161,4,08-12-2020,867.46,0.24,7,2020,December,4,659.2696
578,869,33,23-08-2021,587.92,0.1,32,2021,August,3,529.128
579,176,2,07-11-2022,372.34,0.06,67,2022,November,4,349.9996
580,591,13,11-09-2021,656.1,0.17,49,2021,September,3,544.563
581,2,45,26-10-2023,312.61,0.21,5,2023,October,4,246.9619
582,895,30,01-04-2022,246,0.12,59,2022,April,2,216.48
583,455,34,22-08-2020,493.26,0.25,62,2020,August,3,369.945
584,928,30,28-12-2022,223.99,0.29,51,2022,December,4,159.0329
585,644,24,22-03-2021,488.87,0.17,2,2021,March,1,405.7621
586,276,48,01-09-2021,957.04,0.14,78,2021,September,3,823.0544
587,498,44,08-01-2020,841.39,0.25,69,2020,January,1,631.0425
588,629,33,06-04-2021,942.21,0.01,5,2021,April,2,932.7879
589,676,41,26-09-2022,808.27,0.04,36,2022,September,3,775.9392
590,800,49,27-08-2023,361.2,0.25,50,2023,August,3,270.9
591,28,10,13-05-2020,813.92,0.22,26,2020,May,2,634.8576
592,333,18,19-01-2021,923.69,0.12,45,2021,January,1,812.8472
593,1,19,25-02-2020,947.57,0.27,68,2020,February,1,691.7261
594,188,7,19-09-2022,686.37,0.11,16,2022,September,3,610.8693
595,56,19,15-10-2023,219.25,0.19,86,2023,October,4,177.5925
596,547,24,11-02-2023,49.33,0.19,16,2023,February,1,39.9573
597,112,15,16-01-2023,155.73,0.06,22,2023,January,1,146.3862
598,798,41,17-05-2020,965.89,0.09,38,2020,May,2,878.9599
599,310,42,05-02-2023,467.48,0.27,32,2023,February,1,341.2604
600,36,23,18-06-2021,856.44,0.06,65,2021,June,2,805.0536
601,439,4,23-05-2020,470.39,0.05,9,2020,May,2,446.8705
602,729,38,18-05-2022,664.21,0.14,82,2022,May,2,571.2206
603,592,4,17-10-2021,33.9,0.03,39,2021,October,4,32.883
604,826,5,25-02-2020,257.37,0.27,72,2020,February,1,187.8801
605,595,41,11-09-2021,441.91,0.03,14,2021,September,3,428.6527
606,577,44,26-10-2022,634.32,0.18,42,2022,October,4,520.1424
607,325,23,25-06-2021,179.81,0.1,87,2021,June,2,161.829
608,640,40,22-03-2021,766.91,0.24,11,2021,March,1,582.8516
609,307,37,09-11-2023,370.76,0.18,21,2023,November,4,304.0232
610,534,11,23-08-2023,819.26,0.12,17,2023,August,3,720.9488
611,728,11,23-05-2022,106.99,0.3,65,2022,May,2,74.893
612,619,13,30-09-2021,682.96,0.02,61,2021,September,3,669.3008
613,109,14,18-08-2023,300.4,0.17,60,2023,August,3,249.332
614,372,8,29-11-2023,797.43,0.3,59,2023,November,4,558.201
615,357,25,02-09-2021,408.15,0.21,78,2021,September,3,322.4385
616,181,18,16-04-2022,668.7,0.22,38,2022,April,2,521.586
617,356,44,18-02-2022,934.96,0.01,72,2022,February,1,925.6104
618,676,44,16-04-2022,30.42,0.01,21,2022,April,2,30.1158
619,68,18,24-05-2021,21.01,0.01,80,2021,May,2,20.7999
620,292,10,01-01-2023,772.58,0.3,13,2023,January,1,540.806
621,692,7,22-03-2022,649.93,0.29,94,2022,March,1,461.4503
622,181,50,17-07-2021,300.05,0.1,6,2021,July,3,270.045
623,466,44,21-09-2020,499.45,0.09,34,2020,September,3,454.4995
624,434,14,04-06-2023,51.52,0.04,33,2023,June,2,49.4592
625,464,15,01-05-2023,200.52,0.1,66,2023,May,2,180.468
626,681,16,29-10-2023,430.25,0.11,62,2023,October,4,382.9225
627,914,2,10-01-2020,835.7,0.22,1,2020,January,1,651.846
628,534,30,28-10-2020,484.87,0.26,90,2020,October,4,358.8038
629,66,30,14-10-2023,590.5,0.22,44,2023,October,4,460.59
630,21,18,15-03-2022,875.02,0.19,62,2022,March,1,708.7662
631,612,31,11-12-2022,315.73,0.23,1,2022,December,4,243.1121
632,384,44,08-04-2020,703.69,0.22,53,2020,April,2,548.8782
633,812,48,15-08-2021,863.05,0.14,50,2021,August,3,742.223
634,615,13,02-11-2022,210.59,0.1,40,2022,November,4,189.531
635,559,20,14-11-2023,362.91,0.08,4,2023,November,4,333.8772
636,39,49,22-12-2020,980.01,0.2,84,2020,December,4,784.008
637,285,50,16-07-2022,983.39,0.29,70,2022,July,3,698.2069
638,822,35,11-01-2020,231,0.17,24,2020,January,1,191.73
639,602,23,21-03-2020,75.78,0.27,0,2020,March,1,55.3194
640,597,42,08-07-2023,278.21,0,8,2023,July,3,278.21
641,785,33,06-01-2020,403.75,0.24,65,2020,January,1,306.85
642,336,38,07-01-2021,446.6,0.26,66,2021,January,1,330.484
643,188,35,25-04-2021,622.62,0.19,3,2021,April,2,504.3222
644,671,36,09-08-2020,900.51,0.28,20,2020,August,3,648.3672
645,243,20,09-01-2023,337.04,0.18,60,2023,January,1,276.3728
646,73,3,29-05-2021,851.48,0.07,25,2021,May,2,791.8764
647,479,8,19-12-2022,102.54,0.06,43,2022,December,4,96.3876
648,974,40,08-08-2020,51.46,0.17,36,2020,August,3,42.7118
649,561,32,14-12-2020,509,0.27,77,2020,December,4,371.57
650,101,29,15-08-2020,69.07,0.02,9,2020,August,3,67.6886
651,514,7,16-10-2020,398.56,0.18,89,2020,October,4,326.8192
652,756,2,19-10-2020,897.81,0.23,73,2020,October,4,691.3137
653,176,21,20-03-2022,249.07,0.03,81,2022,March,1,241.5979
654,238,6,01-05-2023,708.92,0.04,90,2023,May,2,680.5632
655,910,28,13-08-2022,309.34,0.11,80,2022,August,3,275.3126
656,59,48,04-07-2023,54.47,0.08,73,2023,July,3,50.1124
657,865,42,22-01-2021,561.12,0.06,74,2021,January,1,527.4528
658,99,36,06-09-2021,836.5,0.06,46,2021,September,3,786.31
659,954,32,22-11-2023,415.37,0.04,87,2023,November,4,398.7552
660,871,45,31-12-2020,621.12,0.18,82,2020,December,4,509.3184
661,954,42,19-10-2021,901.02,0.21,79,2021,October,4,711.8058
662,495,46,16-10-2020,791.8,0.21,22,2020,October,4,625.522
663,947,9,25-08-2023,201.94,0.16,75,2023,August,3,169.6296
664,980,11,25-07-2023,736.05,0.29,53,2023,July,3,522.5955
665,514,23,07-07-2020,506.87,0.26,58,2020,July,3,375.0838
666,755,50,06-07-2022,748.51,0.29,18,2022,July,3,531.4421
667,297,11,16-04-2023,499.57,0.12,24,2023,April,2,439.6216
668,211,49,12-07-2022,136.68,0.26,66,2022,July,3,101.1432
669,123,2,14-09-2022,574.21,0.23,12,2022,September,3,442.1417
670,229,3,09-01-2021,497.21,0.1,20,2021,January,1,447.489
671,594,11,29-01-2022,522.74,0.03,21,2022,January,1,507.0578
672,656,50,04-08-2020,880.11,0.2,46,2020,August,3,704.088
673,388,35,01-12-2022,895.89,0.04,62,2022,December,4,860.0544
674,140,15,12-07-2020,459,0.09,28,2020,July,3,417.69
675,541,43,12-09-2023,461.17,0.15,48,2023,September,3,391.9945
676,391,11,28-10-2023,520.04,0.2,24,2023,October,4,416.032
677,270,31,11-06-2020,524.39,0.28,22,2020,June,2,377.5608
678,759,28,02-10-2020,950.88,0.18,75,2020,October,4,779.7216
679,12,28,29-12-2020,652.91,0.2,48,2020,December,4,522.328
680,867,32,13-02-2022,284.68,0.09,22,2022,February,1,259.0588
681,389,25,24-04-2021,536.22,0.21,4,2021,April,2,423.6138
682,337,20,19-11-2021,630.95,0.13,28,2021,November,4,548.9265
683,506,28,04-04-2021,643.37,0.26,4,2021,April,2,476.0938
684,106,25,12-07-2023,589.4,0.12,38,2023,July,3,518.672
685,32,11,22-06-2021,185.96,0.14,98,2021,June,2,159.9256
686,74,19,31-08-2022,43.26,0.13,34,2022,August,3,37.6362
687,171,28,10-11-2023,344.46,0.24,80,2023,November,4,261.7896
688,849,1,25-03-2020,433.25,0.29,29,2020,March,1,307.6075
689,69,5,01-09-2023,71.19,0.1,55,2023,September,3,64.071
690,813,10,30-08-2020,816.82,0.14,1,2020,August,3,702.4652
691,362,42,29-05-2022,350.64,0.21,14,2022,May,2,277.0056
692,649,46,27-09-2023,914.5,0.27,50,2023,September,3,667.585
693,433,34,15-04-2023,162.87,0.15,22,2023,April,2,138.4395
694,929,36,27-02-2023,66.37,0.03,25,2023,February,1,64.3789
695,996,2,18-10-2021,487.49,0.11,10,2021,October,4,433.8661
696,100,18,11-01-2023,197.24,0.17,23,2023,January,1,163.7092
697,658,13,15-10-2023,938.03,0.13,8,2023,October,4,816.0861
698,9,5,28-03-2020,20.2,0.06,77,2020,March,1,18.988
699,574,20,11-01-2022,418.49,0.01,87,2022,January,1,414.3051
700,697,2,11-09-2022,927.48,0.21,70,2022,September,3,732.7092
701,29,11,15-04-2021,390.57,0.3,9,2021,April,2,273.399
702,893,30,09-10-2023,102.18,0.28,96,2023,October,4,73.5696
703,114,32,19-02-2021,309.87,0.2,96,2021,February,1,247.896
704,462,32,10-12-2022,503.03,0.25,90,2022,December,4,377.2725
705,921,50,12-11-2021,193.3,0.08,71,2021,November,4,177.836
706,143,38,22-12-2022,471.9,0.19,77,2022,December,4,382.239
707,390,28,17-01-2023,837.98,0.02,70,2023,January,1,821.2204
708,632,10,28-04-2023,873.89,0.21,81,2023,April,2,690.3731
709,682,22,17-06-2022,58.77,0.29,56,2022,June,2,41.7267
710,157,17,23-08-2021,169.29,0.26,89,2021,August,3,125.2746
711,335,22,03-10-2023,282.54,0.16,14,2023,October,4,237.3336
712,861,43,14-04-2023,598.92,0.24,32,2023,April,2,455.1792
713,260,19,19-10-2023,367.38,0.28,10,2023,October,4,264.5136
714,82,17,14-02-2022,845.6,0.06,18,2022,February,1,794.864
715,754,24,19-06-2022,719.51,0.24,41,2022,June,2,546.8276
716,441,36,27-04-2021,109.45,0.08,81,2021,April,2,100.694
717,945,32,16-02-2023,628.31,0.26,85,2023,February,1,464.9494
718,172,46,17-06-2020,121.88,0.03,57,2020,June,2,118.2236
719,231,36,26-05-2020,262.49,0.05,99,2020,May,2,249.3655
720,720,28,14-03-2021,186.09,0.22,17,2021,March,1,145.1502
721,75,14,06-06-2022,181.33,0.05,17,2022,June,2,172.2635
722,270,36,27-04-2023,620.23,0.05,21,2023,April,2,589.2185
723,899,6,08-06-2020,567.97,0.17,88,2020,June,2,471.4151
724,626,9,24-03-2022,184.27,0.25,51,2022,March,1,138.2025
725,62,21,05-02-2021,990.27,0.08,43,2021,February,1,911.0484
726,874,12,08-08-2021,427.62,0.25,30,2021,August,3,320.715
727,320,30,13-05-2022,106.1,0.24,8,2022,May,2,80.636
728,102,31,07-11-2022,129.36,0.17,49,2022,November,4,107.3688
729,429,40,19-05-2020,588.05,0.19,60,2020,May,2,476.3205
730,874,4,12-02-2023,979.28,0.01,18,2023,February,1,969.4872
731,722,31,23-11-2020,576.23,0.11,51,2020,November,4,512.8447
732,954,27,12-08-2020,949.55,0.08,54,2020,August,3,873.586
733,255,25,11-07-2021,449.69,0.05,24,2021,July,3,427.2055
734,532,5,14-03-2021,441.48,0.12,78,2021,March,1,388.5024
735,570,6,20-01-2021,505.01,0.11,68,2021,January,1,449.4589
736,112,5,04-06-2021,700.45,0.22,74,2021,June,2,546.351
737,985,27,30-06-2023,373.94,0.18,12,2023,June,2,306.6308
738,313,8,11-09-2021,865.25,0.27,33,2021,September,3,631.6325
739,998,9,26-01-2023,38.99,0.04,71,2023,January,1,37.4304
740,461,15,25-02-2022,445.37,0.02,24,2022,February,1,436.4626
741,708,36,30-12-2022,515.88,0.16,90,2022,December,4,433.3392
742,887,41,04-07-2021,610.96,0,74,2021,July,3,610.96
743,462,7,22-03-2021,283.31,0.24,63,2021,March,1,215.3156
744,865,32,18-01-2023,433.21,0.15,81,2023,January,1,368.2285
745,92,8,24-12-2023,489.69,0.15,9,2023,December,4,416.2365
746,52,47,27-05-2023,690.04,0.11,96,2023,May,2,614.1356
747,805,15,16-04-2020,775.81,0.11,99,2020,April,2,690.4709
748,520,37,04-07-2022,740.45,0.13,16,2022,July,3,644.1915
749,812,19,22-06-2022,348.17,0,4,2022,June,2,348.17
750,98,39,27-06-2021,999.46,0.03,86,2021,June,2,969.4762
751,236,6,23-02-2023,850.18,0.15,66,2023,February,1,722.653
752,901,19,16-03-2023,267.42,0.05,9,2023,March,1,254.049
753,374,28,06-10-2020,203.15,0.23,26,2020,October,4,156.4255
754,581,17,24-01-2020,320.88,0.08,55,2020,January,1,295.2096
755,927,42,09-08-2022,457.82,0.03,6,2022,August,3,444.0854
756,557,19,29-04-2020,852.29,0.07,28,2020,April,2,792.6297
757,649,31,13-08-2023,780.58,0.11,48,2023,August,3,694.7162
758,234,11,04-05-2022,852.73,0.01,38,2022,May,2,844.2027
759,32,15,12-10-2022,279.24,0.04,69,2022,October,4,268.0704
760,289,10,01-08-2022,597.53,0.1,8,2022,August,3,537.777
761,638,43,10-01-2023,290.42,0.09,71,2023,January,1,264.2822
762,579,23,23-03-2021,117.93,0.24,60,2021,March,1,89.6268
763,542,3,22-09-2022,687.36,0.25,77,2022,September,3,515.52
764,114,3,17-12-2023,151.57,0.06,53,2023,December,4,142.4758
765,204,18,13-11-2022,671.02,0.04,8,2022,November,4,644.1792
766,29,25,20-12-2022,651.48,0.19,59,2022,December,4,527.6988
767,643,43,24-03-2020,812.15,0.24,51,2020,March,1,617.234
768,474,20,12-08-2020,148.16,0.29,74,2020,August,3,105.1936
769,697,29,04-07-2020,785.65,0,10,2020,July,3,785.65
770,253,22,09-01-2021,999.28,0.12,34,2021,January,1,879.3664
771,798,50,12-03-2020,852.53,0.22,74,2020,March,1,664.9734
772,905,15,14-03-2020,754.29,0.25,35,2020,March,1,565.7175
773,922,39,26-09-2023,665.54,0.02,54,2023,September,3,652.2292
774,386,10,01-06-2020,427.56,0.2,2,2020,June,2,342.048
775,62,21,05-04-2020,733.2,0.09,82,2020,April,2,667.212
776,515,29,20-03-2021,726.94,0.02,71,2021,March,1,712.4012
777,430,32,07-02-2023,635.18,0.15,52,2023,February,1,539.903
778,580,10,07-04-2022,798.32,0.05,27,2022,April,2,758.404
779,537,13,10-12-2022,454.28,0.22,52,2022,December,4,354.3384
780,691,47,11-01-2021,130.04,0.22,53,2021,January,1,101.4312
781,141,23,03-02-2022,563.48,0.25,52,2022,February,1,422.61
782,743,50,01-01-2023,272.39,0.11,64,2023,January,1,242.4271
783,300,23,30-07-2020,390.59,0,52,2020,July,3,390.59
784,675,31,26-12-2023,27.24,0.08,39,2023,December,4,25.0608
785,311,4,24-12-2021,388.96,0.14,93,2021,December,4,334.5056
786,471,49,06-04-2023,810.71,0.21,40,2023,April,2,640.4609
787,393,3,13-02-2022,547.3,0.11,37,2022,February,1,487.097
788,642,21,26-11-2020,19.7,0.16,74,2020,November,4,16.548
789,445,2,20-01-2022,475.15,0.16,28,2022,January,1,399.126
790,758,4,12-03-2023,298.54,0.05,30,2023,March,1,283.613
791,809,1,03-04-2022,482.78,0.19,60,2022,April,2,391.0518
792,172,15,28-01-2021,410.65,0.13,73,2021,January,1,357.2655
793,576,33,26-05-2021,932.66,0.24,98,2021,May,2,708.8216
794,31,6,16-11-2021,50.77,0.21,39,2021,November,4,40.1083
795,47,7,12-09-2021,686.75,0.03,92,2021,September,3,666.1475
796,130,19,13-09-2023,852.52,0.15,1,2023,September,3,724.642
797,352,44,26-08-2021,959.65,0.21,47,2021,August,3,758.1235
798,978,1,06-07-2023,185.86,0.03,0,2023,July,3,180.2842
799,845,39,18-12-2021,535.99,0.24,58,2021,December,4,407.3524
800,622,19,14-12-2020,53.15,0.07,31,2020,December,4,49.4295
801,581,45,29-05-2021,504.19,0.15,87,2021,May,2,428.5615
802,58,26,02-02-2021,134.2,0.28,1,2021,February,1,96.624
803,106,44,01-08-2020,839.52,0.17,58,2020,August,3,696.8016
804,812,12,15-07-2021,122.73,0.13,2,2021,July,3,106.7751
805,330,22,05-08-2023,518.16,0,72,2023,August,3,518.16
806,768,13,06-07-2023,525.89,0.04,48,2023,July,3,504.8544
807,824,28,14-09-2020,971.93,0.17,87,2020,September,3,806.7019
808,683,14,12-11-2023,658.43,0.15,75,2023,November,4,559.6655
809,383,22,24-11-2021,294.96,0.11,33,2021,November,4,262.5144
810,985,30,12-07-2023,248.39,0.28,61,2023,July,3,178.8408
811,162,44,29-08-2023,136.97,0.1,33,2023,August,3,123.273
812,997,20,29-11-2022,758.95,0.16,22,2022,November,4,637.518
813,286,44,24-09-2022,693.85,0.17,18,2022,September,3,575.8955
814,71,27,30-03-2022,613.78,0.16,51,2022,March,1,515.5752
815,767,38,28-07-2020,50.43,0.14,59,2020,July,3,43.3698
816,454,42,28-09-2020,765.2,0.1,95,2020,September,3,688.68
817,886,41,05-03-2023,645.47,0.27,27,2023,March,1,471.1931
818,567,34,21-08-2021,964.25,0.14,89,2021,August,3,829.255
819,835,39,19-12-2022,591.33,0.16,48,2022,December,4,496.7172
820,397,41,04-11-2022,310.91,0.2,44,2022,November,4,248.728
821,515,44,19-10-2022,387.71,0.02,75,2022,October,4,379.9558
822,26,37,11-09-2020,184.08,0.23,94,2020,September,3,141.7416
823,313,1,06-01-2022,725.69,0.15,59,2022,January,1,616.8365
824,126,15,22-12-2021,710.64,0.2,74,2021,December,4,568.512
825,408,32,18-06-2021,208.64,0.23,55,2021,June,2,160.6528
826,565,8,12-06-2023,166.9,0.26,3,2023,June,2,123.506
827,198,33,28-02-2023,86.23,0.12,17,2023,February,1,75.8824
828,811,18,20-10-2022,912.86,0.24,28,2022,October,4,693.7736
829,188,45,17-01-2020,240.74,0.08,38,2020,January,1,221.4808
830,698,29,31-05-2022,350.72,0.2,54,2022,May,2,280.576
831,817,32,11-08-2022,287.7,0.03,57,2022,August,3,279.069
832,810,33,05-04-2022,419.49,0.01,46,2022,April,2,415.2951
833,716,5,18-09-2022,716.91,0.03,30,2022,September,3,695.4027
834,484,18,27-05-2022,871.89,0.1,27,2022,May,2,784.701
835,450,48,03-07-2020,190.77,0.01,26,2020,July,3,188.8623
836,523,10,15-11-2023,689.55,0.19,29,2023,November,4,558.5355
837,871,36,17-12-2023,359.04,0.09,48,2023,December,4,326.7264
838,354,33,01-11-2022,980.72,0.22,41,2022,November,4,764.9616
839,986,23,20-03-2020,305.93,0.01,74,2020,March,1,302.8707
840,658,40,19-03-2022,17.12,0.07,77,2022,March,1,15.9216
841,597,5,28-10-2020,520.48,0.12,67,2020,October,4,458.0224
842,100,34,24-05-2023,159.22,0.11,99,2023,May,2,141.7058
843,616,24,25-06-2023,54.05,0.04,0,2023,June,2,51.888
844,948,17,19-07-2023,701.29,0.3,43,2023,July,3,490.903
845,558,31,12-05-2020,734.94,0.09,36,2020,May,2,668.7954
846,556,7,25-10-2022,466.09,0.22,32,2022,October,4,363.5502
847,278,17,25-01-2022,680.12,0.07,20,2022,January,1,632.5116
848,693,28,20-09-2021,542.86,0.26,87,2021,September,3,401.7164
849,699,38,06-10-2022,633.5,0.12,39,2022,October,4,557.48
850,990,22,11-02-2022,600.74,0.27,60,2022,February,1,438.5402
851,626,15,20-05-2020,669.16,0.1,12,2020,May,2,602.244
852,491,37,27-04-2021,207.63,0,97,2021,April,2,207.63
853,255,15,21-08-2023,276.02,0.16,37,2023,August,3,231.8568
854,381,50,10-12-2020,445.56,0.16,28,2020,December,4,374.2704
855,892,50,17-07-2023,451.67,0.04,52,2023,July,3,433.6032
856,542,25,05-02-2023,776.67,0.07,63,2023,February,1,722.3031
857,264,21,18-04-2021,373.72,0.24,35,2021,April,2,284.0272
858,610,38,10-01-2023,170.88,0.01,4,2023,January,1,169.1712
859,825,2,12-01-2023,258.95,0.15,19,2023,January,1,220.1075
860,879,27,06-08-2023,222.59,0.16,92,2023,August,3,186.9756
861,329,49,30-12-2022,734.34,0.21,10,2022,December,4,580.1286
862,115,32,23-06-2020,475.64,0.01,71,2020,June,2,470.8836
863,276,21,21-04-2022,711.54,0.18,27,2022,April,2,583.4628
864,488,4,19-11-2023,422.06,0,48,2023,November,4,422.06
865,281,44,15-05-2022,890.84,0.08,40,2022,May,2,819.5728
866,275,19,19-01-2023,983.69,0.15,17,2023,January,1,836.1365
867,773,2,13-04-2021,673.14,0.27,29,2021,April,2,491.3922
868,843,26,28-12-2023,865.17,0.04,13,2023,December,4,830.5632
869,719,34,26-06-2023,512.85,0.05,55,2023,June,2,487.2075
870,896,14,05-10-2021,935.27,0.2,72,2021,October,4,748.216
871,328,15,11-11-2021,833.27,0.11,73,2021,November,4,741.6103
872,211,20,12-08-2022,991.86,0.19,88,2022,August,3,803.4066
873,727,34,28-04-2022,626.86,0.3,51,2022,April,2,438.802
874,923,36,28-08-2020,781.41,0.3,90,2020,August,3,546.987
875,552,19,02-12-2021,547.44,0.11,65,2021,December,4,487.2216
876,992,9,05-12-2020,266.53,0.15,66,2020,December,4,226.5505
877,26,7,03-03-2022,361.21,0.27,28,2022,March,1,263.6833
878,27,30,13-01-2022,895.07,0.03,26,2022,January,1,868.2179
879,702,13,07-04-2021,65.39,0.14,67,2021,April,2,56.2354
880,83,27,11-03-2022,595.57,0.11,34,2022,March,1,530.0573
881,896,44,22-07-2023,378.76,0.09,90,2023,July,3,344.6716
882,946,35,15-01-2020,392.83,0.3,82,2020,January,1,274.981
883,682,13,30-11-2022,885.73,0.22,9,2022,November,4,690.8694
884,413,15,26-07-2020,855.28,0.12,25,2020,July,3,752.6464
885,167,46,19-12-2022,602.85,0.25,70,2022,December,4,452.1375
886,700,9,30-12-2020,280.19,0.15,90,2020,December,4,238.1615
887,169,45,17-06-2023,480.7,0.26,93,2023,June,2,355.718
888,801,23,30-08-2021,414.21,0.08,75,2021,August,3,381.0732
889,979,36,08-06-2020,360.08,0.07,60,2020,June,2,334.8744
890,229,40,31-01-2021,111.76,0.07,68,2021,January,1,103.9368
891,979,3,04-03-2022,547.68,0.16,55,2022,March,1,460.0512
892,609,34,14-05-2021,308.81,0.09,76,2021,May,2,281.0171
893,367,19,27-07-2020,664.2,0.04,63,2020,July,3,637.632
894,528,28,02-03-2023,326.01,0.3,40,2023,March,1,228.207
895,791,23,05-11-2023,436.85,0.27,3,2023,November,4,318.9005
896,647,40,08-03-2021,61.84,0.19,65,2021,March,1,50.0904
897,538,49,31-08-2021,992.61,0.27,36,2021,August,3,724.6053
898,864,45,23-01-2021,512.53,0.28,33,2021,January,1,369.0216
899,524,7,23-09-2022,34,0.2,49,2022,September,3,27.2
900,72,41,05-08-2021,545.82,0.16,69,2021,August,3,458.4888
901,645,12,07-03-2021,871.65,0.26,89,2021,March,1,645.021
902,106,14,21-07-2023,774.83,0.17,74,2023,July,3,643.1089
903,732,46,16-12-2020,703.9,0.04,41,2020,December,4,675.744
904,885,15,13-05-2020,148.07,0.11,0,2020,May,2,131.7823
905,965,3,25-12-2022,661.16,0.13,33,2022,December,4,575.2092
906,689,15,30-09-2021,768.64,0.28,84,2021,September,3,553.4208
907,282,24,13-05-2023,576.69,0.2,9,2023,May,2,461.352
908,133,46,14-08-2023,893.82,0.26,4,2023,August,3,661.4268
909,534,8,26-04-2020,284.22,0.23,89,2020,April,2,218.8494
910,975,5,14-07-2023,249.72,0.09,43,2023,July,3,227.2452
911,269,4,28-05-2020,870.87,0.22,18,2020,May,2,679.2786
912,412,14,02-05-2023,629.14,0.06,20,2023,May,2,591.3916
913,673,16,27-06-2020,11.43,0.12,33,2020,June,2,10.0584
914,619,20,27-05-2020,359.6,0.24,28,2020,May,2,273.296
915,791,24,09-04-2021,859.28,0.18,78,2021,April,2,704.6096
916,865,6,02-09-2022,37.05,0.25,39,2022,September,3,27.7875
917,747,31,22-07-2021,13.22,0.08,79,2021,July,3,12.1624
918,18,6,25-10-2022,288.45,0.22,17,2022,October,4,224.991
919,754,35,09-06-2021,914.86,0.06,48,2021,June,2,859.9684
920,117,15,06-10-2020,902.46,0.16,60,2020,October,4,758.0664
921,798,29,13-05-2021,523.57,0.13,64,2021,May,2,455.5059
922,794,3,15-04-2022,557.7,0.17,74,2022,April,2,462.891
923,144,11,11-03-2021,338.69,0.04,35,2021,March,1,325.1424
924,717,3,26-03-2022,251.3,0.11,95,2022,March,1,223.657
925,551,28,24-05-2023,817.07,0.2,91,2023,May,2,653.656
926,929,10,17-11-2021,115.23,0.17,69,2021,November,4,95.6409
927,666,50,07-04-2022,492.48,0.16,6,2022,April,2,413.6832
928,688,33,26-08-2022,638.05,0.15,60,2022,August,3,542.3425
929,961,48,06-03-2023,112.64,0.28,63,2023,March,1,81.1008
930,753,16,03-09-2021,524.41,0.28,87,2021,September,3,377.5752
931,422,10,17-08-2021,581.75,0.11,73,2021,August,3,517.7575
932,898,33,27-07-2023,745.07,0.11,29,2023,July,3,663.1123
933,369,36,11-05-2020,242.49,0.17,16,2020,May,2,201.2667
934,646,3,27-01-2021,300.39,0.03,43,2021,January,1,291.3783
935,558,5,25-04-2021,573.83,0.09,71,2021,April,2,522.1853
936,50,12,19-09-2021,983.3,0.07,75,2021,September,3,914.469
937,678,44,22-02-2021,225.32,0.07,25,2021,February,1,209.5476
938,106,13,10-05-2023,986.04,0.19,16,2023,May,2,798.6924
939,216,24,13-10-2021,717.2,0.12,34,2021,October,4,631.136
940,658,44,19-10-2021,827.82,0.05,45,2021,October,4,786.429
941,923,32,06-04-2021,98.74,0.27,4,2021,April,2,72.0802
942,425,16,10-05-2023,307.42,0.26,44,2023,May,2,227.4908
943,72,32,31-05-2020,67.16,0.26,74,2020,May,2,49.6984
944,988,45,09-08-2020,377.83,0.12,15,2020,August,3,332.4904
945,842,37,19-03-2020,981.48,0.02,57,2020,March,1,961.8504
946,785,36,08-05-2023,114.22,0.03,41,2023,May,2,110.7934
947,759,21,08-04-2020,566.75,0.08,93,2020,April,2,521.41
948,446,47,30-06-2022,16.01,0.07,59,2022,June,2,14.8893
949,925,12,31-07-2020,715.56,0.26,55,2020,July,3,529.5144
950,186,21,12-03-2023,205.22,0.3,5,2023,March,1,143.654
951,70,21,02-12-2021,138.29,0.25,19,2021,December,4,103.7175
952,974,43,13-11-2023,343.65,0.22,83,2023,November,4,268.047
953,150,6,29-10-2023,773.33,0.18,23,2023,October,4,634.1306
954,246,9,11-12-2022,115.55,0.23,90,2022,December,4,88.9735
955,774,1,24-08-2022,237.54,0.28,66,2022,August,3,171.0288
956,538,12,14-05-2020,18.38,0.18,87,2020,May,2,15.0716
957,935,14,14-02-2021,968.73,0.05,51,2021,February,1,920.2935
958,652,6,09-02-2023,596.22,0.05,9,2023,February,1,566.409
959,99,1,23-02-2022,722.7,0.18,24,2022,February,1,592.614
960,910,22,03-12-2022,654.87,0.1,91,2022,December,4,589.383
961,278,34,21-11-2023,152.92,0.27,81,2023,November,4,111.6316
962,563,11,17-09-2020,598.99,0.18,44,2020,September,3,491.1718
963,663,3,12-01-2022,140.1,0.2,77,2022,January,1,112.08
964,944,42,28-06-2021,407.22,0,0,2021,June,2,407.22
965,455,6,22-01-2021,573.27,0.15,83,2021,January,1,487.2795
966,104,6,04-12-2023,563.29,0.13,24,2023,December,4,490.0623
967,946,20,16-01-2020,127.88,0.21,75,2020,January,1,101.0252
968,601,21,23-10-2021,44.09,0.11,72,2021,October,4,39.2401
969,653,2,11-04-2020,800.25,0.29,8,2020,April,2,568.1775
970,725,26,24-04-2023,728.66,0.2,41,2023,April,2,582.928
971,233,31,08-08-2022,91,0.2,62,2022,August,3,72.8
972,394,26,19-07-2022,136.14,0.28,24,2022,July,3,98.0208
973,501,32,25-01-2020,893.66,0.3,93,2020,January,1,625.562
974,695,10,31-12-2022,771.44,0.06,47,2022,December,4,725.1536
975,251,23,18-01-2020,996.2,0.24,54,2020,January,1,757.112
976,521,6,23-07-2021,261.45,0.05,91,2021,July,3,248.3775
977,79,23,13-10-2022,492.92,0.14,65,2022,October,4,423.9112
978,52,28,17-09-2023,244.09,0.03,88,2023,September,3,236.7673
979,898,49,25-01-2023,626.57,0.19,81,2023,January,1,507.5217
980,921,30,10-04-2022,124.26,0.14,23,2022,April,2,106.8636
981,781,14,01-11-2022,135.97,0.19,81,2022,November,4,110.1357
982,226,37,31-10-2022,81.17,0.2,90,2022,October,4,64.936
983,51,32,11-06-2020,696.65,0.19,43,2020,June,2,564.2865
984,186,49,30-07-2023,499.13,0.09,55,2023,July,3,454.2083
985,34,34,21-05-2022,621.55,0.25,34,2022,May,2,466.1625
986,803,41,14-04-2022,880.51,0.17,33,2022,April,2,730.8233
987,742,44,18-06-2023,742.93,0.15,5,2023,June,2,631.4905
988,131,22,06-05-2022,467.11,0.3,48,2022,May,2,326.977
989,632,31,04-12-2022,984.51,0.09,15,2022,December,4,895.9041
990,443,7,27-08-2022,461.69,0.16,86,2022,August,3,387.8196
991,838,41,15-08-2021,121.33,0.2,91,2021,August,3,97.064
992,759,21,11-09-2020,992.73,0.04,12,2020,September,3,953.0208
993,432,16,07-03-2020,32.59,0.11,11,2020,March,1,29.0051
994,704,20,06-07-2022,554.38,0.24,10,2022,July,3,421.3288
995,497,43,05-09-2021,316,0.07,46,2021,September,3,293.88
996,403,44,31-08-2022,508.52,0.15,59,2022,August,3,432.242
997,323,47,25-08-2021,563.13,0.19,48,2021,August,3,456.1353
998,210,50,01-12-2022,247.69,0.2,51,2022,December,4,198.152
999,615,19,18-01-2021,561.29,0.22,60,2021,January,1,437.8062
1000,329,48,11-06-2023,758.5,0.26,85,2023,June,2,561.29
